district_name,district_code,cola_2020_21,cola_2021_22,cola_2022_23,cola_2023_24,salary_avg_2020_21,salary_avg_2021_22,salary_avg_2022_23,upper_left_2020_21,upper_left_2021_22,upper_left_2022_23,lower_right_2020_21,lower_right_2021_22,lower_right_2022_23,total_exp_2021_22,total_exp_2020_21,total_enrollment_2021_22,total_enrollment_2020_21,instructional_services,administration,pupil_services,operations_and_maintenance,insurance_retirement_programs_and_other,disabled_pct,pct_health_insurance_paid,grade_pk,grade_k,grade_1,grade_2,grade_3,grade_4,grade_5,grade_6,grade_7,grade_8,grade_9,grade_10,grade_11,grade_12,grade_sp,years_exp,years_as_super,fy2021_salary,total_comp_pkg,years_current_contract
Abby Kelley Foster Charter Public (District),04450000,NA,NA,NA,NA,NA,NA,NA,NA,NA,NA,NA,NA,NA,NA,21885215.62,1426,1425,NA,NA,NA,NA,NA,12.1,NA,0,117,116,120,118,117,115,117,114,111,97,99,98,86,0,NA,NA,NA,NA,NA
Abington,00010000,NA,NA,NA,NA,NA,NA,NA,NA,NA,NA,NA,NA,NA,NA,34045424.41,2154,2117,8645.809253,376.901794,1154.398276,914.2410019,2630.024567,15.8,NA,51,173,168,161,144,162,140,169,161,169,146,160,153,152,8,14,14,185905,201354,4
Academy Of the Pacific Rim Charter Public (District),04120000,NA,NA,NA,NA,NA,NA,NA,NA,NA,NA,NA,NA,NA,NA,11037174.88,510,540,NA,NA,NA,NA,NA,25.6,NA,0,0,0,0,0,0,53,72,73,76,82,63,63,58,0,NA,NA,NA,NA,NA
Acton-Boxborough,06000000,0.015,0.025,0.025,NA,70842,72743,74698,50670,51937,53235,92172,94476,96838,NA,96289999.24,5186,5207,10284.04287,450.3476166,1734.46259,1058.997819,2398.868924,15,NA,73,286,321,365,372,404,390,414,410,421,406,465,450,426,4,3,3,201925,201925,3
Acushnet,00030000,NA,NA,NA,NA,NA,NA,NA,NA,NA,NA,NA,NA,NA,NA,17164756.77,935,910,8145.447055,588.6412937,1193.861425,951.8660385,1540.603651,13.7,NA,28,86,83,117,95,80,108,104,100,109,0,0,0,0,0,3,3,143575,151575,6
Advanced Math and Science Academy Charter (District),04300000,NA,NA,NA,NA,NA,NA,NA,NA,NA,NA,NA,NA,NA,NA,15918145.99,965,966,NA,NA,NA,NA,NA,5.8,NA,0,0,0,0,0,0,0,127,125,125,146,155,147,141,0,NA,NA,NA,NA,NA
Agawam,00050000,NA,NA,NA,NA,NA,NA,NA,NA,NA,NA,NA,NA,NA,NA,68666461.05,3464,3508,11000.44039,425.9311724,1198.713471,1337.323133,3128.795804,17.1,NA,106,227,257,251,230,278,254,272,308,275,281,281,217,271,0,1,1,155000,155000,2
Alma del Mar Charter School (District),04090000,NA,NA,NA,NA,NA,NA,NA,NA,NA,NA,NA,NA,NA,NA,10667660,944,797,NA,NA,NA,NA,NA,17.3,NA,0,100,103,102,103,52,49,146,94,48,0,0,0,0,0,NA,NA,NA,NA,NA
Amesbury,00070000,NA,NA,NA,NA,NA,NA,NA,NA,NA,NA,NA,NA,NA,NA,39152791.79,1797,1852,10317.62371,462.8411995,1084.818464,1217.18287,3514.275761,22.2,NA,25,134,122,116,125,142,157,166,155,147,136,126,136,157,8,3,3,173000,173000,4
Amherst,00080000,NA,NA,NA,NA,NA,NA,NA,NA,NA,NA,NA,NA,NA,NA,28610280,1053,1029,14734.2208,826.6320354,1147.571596,1763.695907,5363.146626,22.1,NA,32,127,134,146,132,157,161,140,0,0,0,0,0,0,0,5,5,167000,170000,3
Amherst-Pelham,06050000,NA,NA,NA,NA,NA,NA,NA,NA,NA,NA,NA,NA,NA,NA,33690959,1270,1283,12373.75046,779.8751579,1957.040202,1601.322732,5074.013525,22.2,NA,0,0,0,0,0,0,0,0,210,203,212,206,220,224,8,5,5,167000,170000,3
Andover,00090000,NA,NA,NA,NA,NA,NA,NA,NA,NA,NA,NA,NA,NA,NA,117777377.5,5456,5574,11971.70085,468.6056715,1305.456199,1799.956557,2936.509362,20.4,NA,54,313,349,442,402,417,458,455,452,476,437,437,408,446,28,NA,NA,NA,NA,NA
Argosy Collegiate Charter School (District),35090000,NA,NA,NA,NA,NA,NA,NA,NA,NA,NA,NA,NA,NA,NA,8288240.76,566,571,NA,NA,NA,NA,NA,20.1,NA,0,0,0,0,0,0,0,108,109,109,65,85,64,31,0,NA,NA,NA,NA,NA
Arlington,00100000,0.01,0.01,NA,NA,69150,71863.56,NA,49464,48480,NA,97671,104626,NA,NA,96863420.28,5866,5755,9084.623837,513.7821539,1416.273914,1176.254157,2613.836126,15.7,NA,65,453,484,533,467,508,461,483,456,436,363,352,359,335,0,11,11,207021,207021,2
Ashburnham-Westminster,06100000,NA,NA,NA,NA,NA,NA,NA,NA,NA,NA,NA,NA,NA,NA,32558334.15,2272,2194,8055.666466,373.5189596,1457.555747,1077.450452,2007.230074,19.4,NA,29,136,144,184,156,161,178,191,189,179,166,165,132,172,12,1,1,170000,170000,3
Ashland,00140000,NA,0.02,0.03,0.025,NA,75931.87,77830.17,NA,52020,53320.5,NA,100773.14,103292.47,NA,43599903.48,2870,2729,8933.616301,514.0026309,1325.07852,884.773952,2033.671213,17.3,NA,50,191,180,202,200,222,208,229,224,218,195,175,224,211,0,7,7,194555,202955,6
Assabet Valley Regional Vocational Technical,08010000,NA,NA,NA,NA,NA,NA,NA,NA,NA,NA,NA,NA,NA,NA,23870752.12,1139,1149,13226.50049,816.0704747,2271.449987,1638.427673,2580.050831,25,NA,0,0,0,0,0,0,0,0,0,0,306,291,283,269,0,5,5,182173,187977,4
Athol-Royalston,06150000,NA,NA,NA,NA,NA,NA,NA,NA,NA,NA,NA,NA,NA,NA,26318318.35,1539,1425,8097.245302,454.4240397,1831.229192,1120.475772,2876.755964,24,NA,46,100,109,117,127,122,118,113,116,111,100,79,78,85,4,4,4,160513,162013,5
Atlantis Charter (District),04910000,NA,NA,NA,NA,NA,NA,NA,NA,NA,NA,NA,NA,NA,NA,18466839,1277,1296,NA,NA,NA,NA,NA,13.4,NA,0,110,110,110,109,110,110,110,110,110,58,87,76,86,0,NA,NA,NA,NA,NA
Attleboro,00160000,NA,NA,NA,NA,NA,NA,NA,NA,NA,NA,NA,NA,NA,NA,92005267.71,5866,5752,8460.741905,463.6911736,1022.486024,1288.378943,2430.286978,17.5,NA,104,335,416,397,407,422,456,433,463,479,450,448,471,456,15,5,5,192474,196774,3
Auburn,00170000,NA,NA,NA,NA,NA,NA,NA,NA,NA,NA,NA,NA,NA,NA,38350080.14,2573,2518,8498.893862,331.3199485,1348.078662,1016.380222,2801.607449,10.8,NA,66,161,182,187,167,206,195,213,218,202,168,201,176,171,5,1,1,162200,172200,3
Avon,00180000,0.015,0.015,0.015,NA,67825,68843,71234,46878,47581,50204,93623,95027,96452,NA,13140054,715,683,10248.41646,718.0368523,1042.962039,1435.937933,2991.6445,19.9,0.765,11,42,46,52,54,50,62,55,59,61,53,49,50,39,0,NA,NA,NA,NA,NA
Ayer Shirley School District,06160000,0.03,0.03,NA,NA,63986,65906,NA,45194,46550,NA,91809,94563,NA,NA,30712776.3,1622,1603,NA,NA,NA,NA,NA,21.5,0.75,51,118,142,120,128,140,137,136,137,137,99,95,81,82,0,7,7,186327,191327,3
Barnstable,00200000,NA,NA,NA,NA,NA,NA,NA,NA,NA,NA,NA,NA,NA,NA,98005720.48,4751,4713,10773.35383,682.0869141,1754.70262,1348.4296200000001,2884.980332,17.6,NA,124,327,342,359,379,340,364,358,351,389,355,335,334,345,11,NA,NA,NA,NA,NA
Baystate Academy Charter Public School (District),35020000,NA,NA,NA,NA,NA,NA,NA,NA,NA,NA,NA,NA,NA,NA,8382148.79,456,469,NA,NA,NA,NA,NA,20.7,NA,0,0,0,0,0,0,0,71,79,77,70,67,53,52,0,NA,NA,NA,NA,NA
Bedford,00230000,NA,0.025,0.0225,0.0225,NA,76462,78182,NA,50583,51721,NA,103503,105832,NA,55192858.99,2602,2615,12551.14274,842.064642,1312.688049,1262.605929,2702.334127,17.2,NA,28,160,183,201,213,191,199,205,200,206,207,209,230,183,0,NA,NA,NA,NA,NA
Belchertown,00240000,NA,NA,NA,NA,NA,NA,NA,NA,NA,NA,NA,NA,NA,NA,35668291.58,2131,2149,8593.263937,610.5097131,1610.43305,1199.024684,2381.796917,19.4,NA,35,141,138,146,155,150,161,175,167,187,174,187,157,171,5,2,2,145000,147000,2
Bellingham,00250000,0.02,0.02,NA,NA,66341,69432,NA,47288,50905,NA,87223,89428,NA,NA,42475337.14,1980,1984,9630.466574,673.1103845,1616.876043,1393.836853,3601.270231,21.3,NA,57,125,130,139,139,157,143,159,188,164,156,128,147,149,3,6,6,150000,NA,3
Belmont,00260000,NA,NA,NA,NA,NA,NA,NA,NA,NA,NA,NA,NA,NA,NA,73554813,4356,4420,8570.631956,526.6511204,1076.140849,1328.380361,2342.149202,12,NA,48,253,341,339,348,372,335,365,367,343,334,318,335,322,0,NA,NA,NA,NA,NA
Benjamin Banneker Charter Public (District),04200000,NA,NA,NA,NA,NA,NA,NA,NA,NA,NA,NA,NA,NA,NA,8098949.36,329,344,NA,NA,NA,NA,NA,13.1,NA,19,52,46,47,50,48,42,40,0,0,0,0,0,0,0,NA,NA,NA,NA,NA
Benjamin Franklin Classical Charter Public (District),04470000,NA,NA,NA,NA,NA,NA,NA,NA,NA,NA,NA,NA,NA,NA,11335463.69,818,776,NA,NA,NA,NA,NA,12,NA,0,96,96,96,96,96,96,96,52,52,0,0,0,0,0,NA,NA,NA,NA,NA
Berkley,00270000,NA,NA,NA,NA,NA,NA,NA,NA,NA,NA,NA,NA,NA,NA,11396394,870,864,8105.017964,495.1627654,969.0495373,953.2182907,1423.127926,15,NA,41,77,95,86,75,101,93,91,109,96,0,0,0,0,0,15,15,155241,170191,2
Berkshire Arts and Technology Charter Public (District),04140000,NA,NA,NA,NA,NA,NA,NA,NA,NA,NA,NA,NA,NA,NA,6507994.34,366,372,NA,NA,NA,NA,NA,20.2,NA,0,0,0,0,0,0,0,64,68,67,51,43,47,32,0,11,11,176391,NA,3
Berkshire Hills,06180000,NA,NA,NA,NA,NA,NA,NA,NA,NA,NA,NA,NA,NA,NA,29987385.64,1188,1164,12857.023,986.1065807,2357.182396,2040.03891,4832.86287,18.2,NA,15,68,60,66,53,56,84,70,90,100,113,118,148,122,1,NA,NA,NA,NA,NA
Berlin-Boylston,06200000,NA,NA,NA,NA,NA,NA,NA,NA,NA,NA,NA,NA,NA,NA,18282809,1053,1046,10112.40755,729.7560046,1298.24247,1257.452345,2296.808997,16.2,NA,33,74,84,70,78,67,84,74,92,77,85,72,74,82,0,4,3.5,178000,178000,5
Beverly,00300000,NA,0.02,0.02,0.03,NA,68060.49,71412.13,NA,45812,46842,NA,94261,99997,NA,72741821.42,4636,4633,8285.543503,477.0411901,968.6969593,861.5122765,2980.493025,19.4,NA,82,371,385,366,359,349,348,364,373,350,295,339,341,302,9,2,2,186000,186000,3
Billerica,00310000,NA,0.025,NA,NA,NA,71187,NA,NA,46625,NA,NA,101093,NA,NA,89412353,4734,4569,11007.70814,357.7254013,1389.714298,1185.866464,3120.701156,20.2,NA,106,371,364,364,364,351,396,369,385,403,266,279,302,239,10,9,9,203762,211862,4
Blackstone Valley Regional Vocational Technical,08050000,NA,NA,NA,NA,NA,NA,NA,NA,NA,NA,NA,NA,NA,NA,25584432.57,1234,1231,11916.63049,1093.94736,2593.066058,1559.413321,3483.907549,10.6,NA,0,0,0,0,0,0,0,0,0,0,318,314,298,301,0,NA,NA,NA,NA,NA
Blackstone-Millville,06220000,NA,NA,NA,NA,NA,NA,NA,NA,NA,NA,NA,NA,NA,NA,26329639.55,1538,1565,8085.913389,644.5233753,1904.278516,1139.575691,2337.804457,17.9,NA,46,105,107,119,125,108,147,112,132,145,99,110,112,94,4,3,3,172500,180000,5
Blue Hills Regional Vocational Technical,08060000,NA,NA,NA,NA,NA,NA,NA,NA,NA,NA,NA,NA,NA,NA,20614109.87,917,890,13056.27137,1221.179699,2087.324197,2752.231849,4783.410122,26.9,NA,0,0,0,0,0,0,0,0,0,0,247,232,217,194,0,2,2,143000,144500,2
Boston,00350000,NA,NA,NA,NA,NA,NA,NA,NA,NA,NA,NA,NA,NA,NA,1570952894,46169,48112,15054.55451,974.6285647,3372.694854,1453.942396,4361.671225,21.5,NA,2673,3244,3508,3635,3637,3583,3306,3196,3340,3413,3399,3795,3532,3616,235,3,2,275000,NA,5
Boston Collegiate Charter (District),04490000,NA,NA,NA,NA,NA,NA,NA,NA,NA,NA,NA,NA,NA,NA,15248779.53,702,723,NA,NA,NA,NA,NA,15.9,NA,0,0,0,0,0,0,88,97,106,95,91,93,80,73,0,NA,NA,NA,NA,NA
Boston Day and Evening Academy Charter (District),04240000,NA,NA,NA,NA,NA,NA,NA,NA,NA,NA,NA,NA,NA,NA,7286922.69,348,356,NA,NA,NA,NA,NA,38.1,NA,0,0,0,0,0,0,0,0,0,0,73,52,26,205,0,NA,NA,NA,NA,NA
Boston Green Academy Horace Mann Charter School (District),04110000,NA,NA,NA,NA,NA,NA,NA,NA,NA,NA,NA,NA,NA,NA,7936636.59,486,509,NA,NA,NA,NA,NA,33.2,NA,0,0,0,0,0,0,0,47,62,66,87,78,84,81,4,NA,NA,NA,NA,NA
Boston Preparatory Charter Public (District),04160000,NA,NA,NA,NA,NA,NA,NA,NA,NA,NA,NA,NA,NA,NA,13784062.45,696,671,NA,NA,NA,NA,NA,20.3,NA,0,0,0,0,0,0,0,100,107,105,124,85,78,72,0,NA,NA,NA,NA,NA
Boston Renaissance Charter Public (District),04810000,NA,NA,NA,NA,NA,NA,NA,NA,NA,NA,NA,NA,NA,NA,21550231,939,943,NA,NA,NA,NA,NA,10.6,NA,117,125,140,141,139,120,102,59,0,0,0,0,0,0,0,NA,NA,NA,NA,NA
Bourne,00360000,NA,NA,NA,NA,NA,NA,NA,NA,NA,NA,NA,NA,NA,NA,37340744.42,1557,1650,10161.50097,410.7526266,1644.176098,1108.10334,3855.940568,18.3,NA,39,81,115,103,141,128,155,138,165,157,98,94,111,114,11,1,1,167000,167000,4
Boxford,00380000,NA,NA,NA,NA,NA,NA,NA,NA,NA,NA,NA,NA,NA,NA,14334636,739,679,11506.98141,794.527232,1133.006726,1616.783595,2939.750758,18.9,NA,27,78,105,80,87,99,111,92,0,0,0,0,0,0,0,NA,NA,NA,NA,NA
Braintree,00400000,0.03,0.02,NA,NA,74965.95727,76554.32,NA,47381.06,48328.7,NA,105168.26,108344.37,NA,NA,93092438.64,5369,5456,9557.141259,317.381356,1330.429814,1319.062758,2201.727348,19.9,NA,79,313,395,421,366,413,420,438,479,485,366,413,438,430,0,NA,NA,NA,NA,NA
Brewster,00410000,NA,NA,NA,NA,NA,NA,NA,NA,NA,NA,NA,NA,NA,NA,10503520,438,420,13214.54565,708.0738055,1599.936007,1241.84727,4427.709044,19.2,NA,18,67,64,62,53,80,76,0,0,0,0,0,0,0,0,NA,NA,NA,NA,NA
Bridge Boston Charter School (District),04170000,NA,NA,NA,NA,NA,NA,NA,NA,NA,NA,NA,NA,NA,NA,8484575,336,338,NA,NA,NA,NA,NA,21.9,NA,31,40,38,37,40,40,35,30,27,20,0,0,0,0,0,NA,NA,NA,NA,NA
Bridgewater-Raynham,06250000,NA,0.02,0.025,0.025,NA,80961.23,82985.26,NA,48718.26,49936.22,NA,107344.8,110028.42,NA,79229512.72,5392,5272,7710.689701,451.47923,1574.352672,1124.300857,2360.358478,16.3,NA,93,386,401,423,435,424,405,408,431,485,309,327,361,373,11,5,5,175916,178416,5
Brimfield,00430000,NA,NA,NA,NA,NA,NA,NA,NA,NA,NA,NA,NA,NA,NA,4987376,269,269,10089.53115,649.5836066,1186.563934,1047.714754,1454.213115,15.9,NA,10,31,43,26,41,40,31,47,0,0,0,0,0,0,0,NA,NA,NA,NA,NA
Bristol County Agricultural,09100000,NA,NA,NA,NA,NA,NA,NA,NA,NA,NA,NA,NA,NA,NA,9281754.45,499,448,9573.147398,1416.29179,2740.745446,1841.025527,5249.234993,14.7,NA,0,0,0,0,0,0,0,0,0,0,123,120,107,98,0,NA,NA,NA,NA,NA
Bristol-Plymouth Regional Vocational Technical,08100000,NA,NA,NA,NA,NA,NA,NA,NA,NA,NA,NA,NA,NA,NA,25739081,1332,1319,11475.28103,727.8247,1766.751481,1512.324928,4010.03266,17.1,NA,0,0,0,0,0,0,0,0,0,0,343,351,334,291,0,NA,NA,NA,NA,NA
Brockton,00440000,NA,NA,NA,NA,NA,NA,NA,NA,NA,NA,NA,NA,NA,NA,274509498.5,15265,15384,9540.76147,532.1733494,1640.111697,833.1508836,2902.263423,17.3,NA,212,1149,1046,1069,1173,1296,1283,1218,1240,1326,1096,1228,981,1009,58,NA,NA,NA,NA,NA
Brooke Charter School (District),04280000,NA,NA,NA,NA,NA,NA,NA,NA,NA,NA,NA,NA,NA,NA,40557158.26,2145,2053,NA,NA,NA,NA,NA,11.2,NA,0,185,195,190,196,192,177,182,176,178,148,120,73,41,0,NA,NA,NA,NA,NA
Brookfield,00450000,NA,NA,NA,NA,NA,NA,NA,NA,NA,NA,NA,NA,NA,NA,4468580,279,266,8750.29544,659.1104689,1064.364162,1120.378934,1677.909441,12,NA,12,32,35,35,40,35,41,36,0,0,0,0,0,0,0,NA,NA,NA,NA,NA
Brookline,00460000,NA,NA,NA,NA,NA,NA,NA,NA,NA,NA,NA,NA,NA,NA,168038043,6928,6891,13516.83732,728.9693131,983.4949621,1584.76458,3773.288212,17,NA,153,488,501,505,545,495,543,568,503,555,509,490,515,503,18,NA,NA,NA,NA,NA
Burlington,00480000,NA,NA,NA,NA,NA,NA,NA,NA,NA,NA,NA,NA,NA,NA,82653523.55,3440,3388,13643.43862,760.8846108,1468.547484,1371.455905,3549.095639,14.2,NA,73,260,269,282,286,297,277,256,239,256,205,218,229,241,0,14,13,222500,222500,6
Cambridge,00490000,NA,NA,NA,NA,NA,NA,NA,NA,NA,NA,NA,NA,NA,NA,241963662,6612,6678,17271.25956,1243.146708,2565.626636,1912.0889,5957.462955,23.1,NA,448,591,531,525,534,481,477,424,403,417,428,478,476,451,14,9,5,251669,266669,3
Canton,00500000,0.03,0.02,NA,NA,78505,80076,NA,53165,54229,NA,105734,107849,NA,NA,61050697.8,3228,3164,10209.46022,489.0204292,1471.889628,1057.654433,3029.96327,12.9,0.75,24,219,241,234,221,256,250,242,283,243,213,209,265,258,6,5,5,213257,240000,5
Cape Cod Lighthouse Charter (District),04320000,NA,NA,NA,NA,NA,NA,NA,NA,NA,NA,NA,NA,NA,NA,4701476.42,250,250,NA,NA,NA,NA,NA,17.6,NA,0,0,0,0,0,0,0,84,84,82,0,0,0,0,0,11,11,171552,180552,3
Cape Cod Regional Vocational Technical,08150000,NA,NA,NA,NA,NA,NA,NA,NA,NA,NA,NA,NA,NA,NA,15534768,654,626,14286.74445,1321.142153,2383.087921,2303.410025,5129.26705,26.5,NA,0,0,0,0,0,0,0,0,0,0,174,168,150,134,0,NA,NA,NA,NA,NA
Carlisle,00510000,NA,NA,NA,NA,NA,NA,NA,NA,NA,NA,NA,NA,NA,NA,12783670,615,579,14458.63591,960.7170015,1340.714478,1837.604201,1039.875112,17.2,NA,9,53,51,63,68,68,58,66,78,65,0,0,0,0,0,5,5,171000,175000,4
Carver,00520000,NA,NA,NA,NA,NA,NA,NA,NA,NA,NA,NA,NA,NA,NA,26347752.6,1508,1476,8835.991543,406.4367308,1328.47586,1023.627643,3179.643421,19.3,NA,35,98,127,124,108,139,112,114,114,125,106,98,72,104,0,5,5,158437,160437,3
Central Berkshire,06350000,NA,NA,NA,NA,NA,NA,NA,NA,NA,NA,NA,NA,NA,NA,28937440,1516,1515,9269.208907,556.177758,1730.215061,1105.332741,3771.253568,15.2,NA,41,81,110,95,110,113,93,107,115,136,144,117,122,131,0,NA,NA,NA,NA,NA
Chelmsford,00560000,0.02,0.02,NA,NA,72899,75824,NA,48205,51136,NA,96615,98547,NA,NA,82333181.48,4943,4826,9337.320103,443.2740814,1345.792604,1005.248858,2489.10566,16.6,NA,76,350,349,381,391,373,363,383,393,359,358,335,342,373,0,6,6,200277,243518,5
Chelsea,00570000,NA,NA,NA,NA,NA,NA,NA,NA,NA,NA,NA,NA,NA,NA,125105654.3,6074,5936,8664.017993,588.3751977,1578.93507,1536.807138,2862.088671,16.7,NA,57,477,490,515,515,503,422,472,505,424,432,457,368,290,9,1,1,185000,185000,3
Chesterfield-Goshen,06320000,NA,NA,NA,NA,NA,NA,NA,NA,NA,NA,NA,NA,NA,NA,2669106.44,148,101,12814.36296,945.9645062,1913.503086,1800.771605,2441.350309,23.8,NA,0,11,18,12,16,16,13,15,0,0,0,0,0,0,0,NA,NA,NA,NA,NA
Chicopee,00610000,NA,NA,NA,NA,NA,NA,NA,NA,NA,NA,NA,NA,NA,NA,124634144.6,6796,6850,9618.274236,703.8834711,1809.513525,1270.558641,2525.287451,18.9,NA,121,412,464,459,505,552,528,520,569,547,542,539,527,563,2,1,1,170000,177000,3
Christa McAuliffe Charter Public (District),04180000,NA,NA,NA,NA,NA,NA,NA,NA,NA,NA,NA,NA,NA,NA,7543119,388,399,NA,NA,NA,NA,NA,19.3,NA,0,0,0,0,0,0,0,130,140,129,0,0,0,0,0,NA,NA,NA,NA,NA
City on a Hill Charter Public School (District),04370000,NA,NA,NA,NA,NA,NA,NA,NA,NA,NA,NA,NA,NA,NA,NA,229,NA,NA,NA,NA,NA,NA,NA,NA,NA,NA,NA,NA,NA,NA,NA,NA,NA,NA,NA,NA,NA,NA,NA,NA,NA,NA,NA,NA
City on a Hill Charter Public School Circuit Street (District),04370000,NA,NA,NA,NA,NA,NA,NA,NA,NA,NA,NA,NA,NA,NA,5772128.35,NA,299,NA,NA,NA,NA,NA,21.7,NA,0,0,0,0,0,0,0,0,0,0,69,74,67,89,0,NA,NA,NA,NA,NA
Clarksburg,00630000,NA,NA,NA,NA,NA,NA,NA,NA,NA,NA,NA,NA,NA,NA,3413356.65,211,190,8411.536443,907.7735052,1108.941546,1677.075567,2921.235515,18.4,NA,0,18,15,20,30,13,22,20,30,22,0,0,0,0,0,NA,NA,NA,NA,NA
Clinton,00640000,NA,NA,NA,NA,NA,NA,NA,NA,NA,NA,NA,NA,NA,NA,33159290.18,1905,1827,8824.834593,432.1895168,1123.034262,1369.041398,2287.999895,22.8,NA,41,146,124,171,135,149,140,133,165,143,135,120,103,121,1,5,4,159500,159500,5
Codman Academy Charter Public (District),04380000,NA,NA,NA,NA,NA,NA,NA,NA,NA,NA,NA,NA,NA,NA,8893398.87,343,348,NA,NA,NA,NA,NA,24.7,NA,20,20,21,21,21,22,21,23,22,21,43,39,31,23,0,NA,NA,NA,NA,NA
Cohasset,00650000,NA,NA,NA,NA,NA,NA,NA,NA,NA,NA,NA,NA,NA,NA,28320552.62,1422,1448,10791.48281,635.9048609,1213.686905,1496.007461,3237.365556,13.1,NA,25,100,105,103,103,114,94,119,130,108,103,116,103,125,0,1,1,NA,177162,3
Collegiate Charter School of Lowell (District),35030000,NA,NA,NA,NA,NA,NA,NA,NA,NA,NA,NA,NA,NA,NA,10074290.53,1117,1015,NA,NA,NA,NA,NA,5.8,NA,0,77,84,116,122,116,120,100,121,90,29,40,0,0,0,NA,NA,NA,NA,NA
Community Charter School of Cambridge (District),04360000,NA,NA,NA,NA,NA,NA,NA,NA,NA,NA,NA,NA,NA,NA,7727559,288,304,NA,NA,NA,NA,NA,14.5,NA,0,0,0,0,0,0,0,30,40,64,55,37,47,31,0,NA,NA,NA,NA,NA
Community Day Charter Public School - Gateway (District),04260000,NA,NA,NA,NA,NA,NA,NA,NA,NA,NA,NA,NA,NA,NA,6489033,401,400,NA,NA,NA,NA,NA,11.5,NA,34,40,40,43,44,42,41,43,35,38,0,0,0,0,0,18,18,173173,180308,2
Community Day Charter Public School - Prospect (District),04400000,NA,NA,NA,NA,NA,NA,NA,NA,NA,NA,NA,NA,NA,NA,7006651,400,399,NA,NA,NA,NA,NA,12.3,NA,32,21,30,48,50,50,42,42,43,41,0,0,0,0,0,NA,NA,NA,NA,NA
Community Day Charter Public School - R. Kingman Webster (District),04310000,NA,NA,NA,NA,NA,NA,NA,NA,NA,NA,NA,NA,NA,NA,6061644,394,400,NA,NA,NA,NA,NA,10.8,NA,32,42,42,44,45,44,40,41,35,35,0,0,0,0,0,NA,NA,NA,NA,NA
Concord,00670000,NA,NA,NA,NA,NA,NA,NA,NA,NA,NA,NA,NA,NA,NA,45928979.5,1998,2001,14749.29025,461.1940819,1502.543175,1480.875078,2268.617365,17.4,NA,37,175,217,220,229,209,233,215,230,236,0,0,0,0,0,4,4,212000,212000,5
Concord-Carlisle,06400000,NA,0.025,0.025,0.0275,NA,86080,88232,NA,52942,54265,NA,128244,131450,NA,30853560.88,1323,1316,14199.77424,578.2420543,2542.60071,1746.781439,2223.543553,17.9,NA,0,0,0,0,0,0,0,0,0,0,339,340,321,311,5,4,4,212000,212000,5
Conservatory Lab Charter (District),04390000,NA,NA,NA,NA,NA,NA,NA,NA,NA,NA,NA,NA,NA,NA,8250841.73,447,457,NA,NA,NA,NA,NA,12.7,NA,49,49,53,54,54,55,51,30,32,30,0,0,0,0,0,NA,NA,NA,NA,NA
Conway,00680000,NA,NA,NA,NA,NA,NA,NA,NA,NA,NA,NA,NA,NA,NA,3249228.32,145,125,15131.05146,637.8404637,2308.998579,1779.282797,3866.32199,16.8,NA,7,13,16,17,16,19,20,17,0,0,0,0,0,0,0,NA,NA,NA,NA,NA
Danvers,00710000,NA,0.023,0.023,0.02,NA,86066,97746,50274,51405,52433,NA,108588,111030,NA,65049747.6,3217,3309,10654.6519,546.2354587,1271.417148,1359.297917,3419.902423,18.5,NA,87,264,256,261,256,265,262,273,258,259,218,205,205,236,4,17,17,192958,NA,6
Dartmouth,00720000,NA,NA,NA,NA,NA,NA,NA,NA,NA,NA,NA,NA,NA,NA,54281323.91,3411,3419,9438.548012,454.9454363,1366.697931,979.3346049,1693.009169,17.1,NA,79,213,251,235,238,250,236,284,280,308,260,242,282,261,0,NA,6,193933,NA,3
Dedham,00730000,NA,NA,NA,NA,NA,NA,NA,NA,NA,NA,NA,NA,NA,NA,60482761.75,2567,2556,12841.39041,753.6778968,1566.212072,1760.611893,3034.937981,21.9,NA,72,202,217,183,175,187,171,203,209,247,163,172,170,177,8,7,7,195253,207403,6
Deerfield,00740000,NA,NA,NA,NA,NA,NA,NA,NA,NA,NA,NA,NA,NA,NA,7146411.66,326,311,11591.9136,514.5781194,1303.166795,1256.421752,2775.409506,22.8,NA,8,24,52,39,54,47,38,49,0,0,0,0,0,0,0,NA,NA,NA,NA,NA
Dennis-Yarmouth,06450000,NA,NA,NA,NA,NA,NA,NA,NA,NA,NA,NA,NA,NA,NA,63460633.77,2795,2739,11604.25668,488.0879765,1574.58858,1624.900121,3194.288425,17.9,NA,77,206,227,246,195,228,245,202,233,228,148,170,156,178,0,19,16,187172,191372,3
Dighton-Rehoboth,06500000,NA,NA,NA,NA,NA,NA,NA,NA,NA,NA,NA,NA,NA,NA,43236973.04,2569,2616,9023.151214,421.3539159,1258.229658,971.2439495,2427.157912,15.3,NA,38,186,176,207,193,202,201,198,231,231,180,169,178,220,6,7,7,167000,167000,4
Douglas,00770000,0,NA,NA,NA,61380.99,NA,NA,47002,NA,NA,85517,NA,NA,NA,21512112.07,1180,1151,8909.078414,545.7811848,1434.059404,1398.979752,2150.584532,18.8,NA,31,60,91,83,74,95,95,89,86,101,84,75,94,93,0,1,1,143000,150000,3
Dover,00780000,NA,NA,NA,NA,NA,NA,NA,NA,NA,NA,NA,NA,NA,NA,12123910,489,475,11787.53089,1229.817703,829.7346567,1694.158396,3864.253595,13.8,NA,8,61,80,76,75,88,87,0,0,0,0,0,0,0,0,7,4,220809,227809,2
Dover-Sherborn,06550000,NA,NA,NA,NA,NA,NA,NA,NA,NA,NA,NA,NA,NA,NA,26075007.38,1160,1185,12835.75579,464.8094961,1958.705902,1921.641072,3373.843596,17,NA,0,0,0,0,0,0,0,162,187,162,176,161,164,169,4,NA,NA,NA,NA,NA
Dracut,00790000,0.025,0.025,0.025,NA,63563,65152,68154,44976,46100,49683,84122,86225,88381,NA,49830013.46,3628,3659,6291.114988,338.8333486,1252.181084,1039.683677,2460.179076,15.9,NA,40,300,308,307,311,275,309,294,303,323,211,214,227,229,8,NA,NA,NA,NA,NA
Dudley Street Neighborhood Charter School (District),04070000,NA,NA,NA,NA,NA,NA,NA,NA,NA,NA,NA,NA,NA,NA,5021878.7,286,294,NA,NA,NA,NA,NA,12.2,NA,45,47,43,43,39,42,35,0,0,0,0,0,0,0,0,11,2,161670,161670,3
Dudley-Charlton Reg,06580000,NA,NA,NA,NA,NA,NA,NA,NA,NA,NA,NA,NA,NA,NA,53361123.68,3452,3439,NA,NA,NA,NA,NA,16.1,NA,73,218,235,241,253,244,261,289,329,291,262,213,261,264,5,NA,NA,NA,NA,NA
Duxbury,00820000,NA,NA,NA,NA,NA,NA,NA,NA,NA,NA,NA,NA,NA,NA,50530581.65,2811,2790,9454.952911,552.24452,1913.855685,1318.818815,2698.583454,14.7,NA,29,185,170,175,194,195,217,194,227,245,242,241,226,249,1,NA,NA,NA,NA,NA
East Bridgewater,00830000,NA,NA,NA,NA,NA,NA,NA,NA,NA,NA,NA,NA,NA,NA,31033614,2107,2082,7985.63583,641.3677798,1167.175542,1104.924188,1853.810018,17.4,NA,71,134,143,139,165,149,164,149,178,172,143,164,160,151,0,NA,NA,NA,NA,NA
East Longmeadow,00870000,NA,NA,NA,NA,NA,NA,NA,NA,NA,NA,NA,NA,NA,NA,44383945.5,2492,2404,9647.659628,697.5973951,1640.740241,968.9765327,2675.874533,18.4,NA,12,139,166,153,190,167,188,193,204,188,203,221,206,172,2,11,11,166946,178746,5
Eastham,00850000,NA,NA,NA,NA,NA,NA,NA,NA,NA,NA,NA,NA,NA,NA,4890365,192,194,15524.59677,1000.226815,1789.712702,1638.034274,3748.74496,18,NA,22,21,30,28,29,34,30,0,0,0,0,0,0,0,0,NA,NA,NA,NA,NA
Easthampton,00860000,NA,NA,NA,NA,NA,NA,NA,NA,NA,NA,NA,NA,NA,NA,27479011.28,1417,1445,8431.769413,562.0601815,1129.315598,947.9758055,2926.329517,19.2,NA,22,109,117,116,107,113,126,110,92,114,97,101,111,108,2,NA,NA,NA,NA,NA
Easton,00880000,NA,NA,NA,NA,NA,NA,NA,NA,NA,NA,NA,NA,NA,NA,54571050.59,3418,3410,9230.633917,436.7720215,1078.356441,1074.189833,2071.546471,19.2,NA,57,146,222,228,244,248,271,294,268,307,265,286,286,274,14,4,4,189000,196750,4
Edgartown,00890000,NA,NA,NA,NA,NA,NA,NA,NA,NA,NA,NA,NA,NA,NA,11893467.12,397,382,16655.77072,623.7432325,1700.237977,1961.633614,5956.802652,21.7,NA,5,40,46,47,37,43,36,55,35,38,0,0,0,0,0,NA,NA,NA,NA,NA
Edward M. Kennedy Academy for Health Careers (Horace Mann Charter) (District),04520000,NA,NA,NA,NA,NA,NA,NA,NA,NA,NA,NA,NA,NA,NA,9566427,395,385,NA,NA,NA,NA,NA,20.3,NA,0,0,0,0,0,0,0,0,0,0,100,98,98,89,0,NA,NA,NA,NA,NA
Erving,00910000,NA,NA,NA,NA,NA,NA,NA,NA,NA,NA,NA,NA,NA,NA,6051767.43,133,113,19423.06381,1671.436411,2314.684685,2441.794294,7872.43994,20.2,NA,13,14,17,15,11,13,21,9,0,0,0,0,0,0,0,NA,NA,NA,NA,NA
Essex North Shore Agricultural and Technical School District,08170000,NA,NA,NA,NA,NA,NA,NA,NA,NA,NA,NA,NA,NA,NA,29615028.66,1654,1564,NA,NA,NA,NA,NA,18,NA,0,0,0,0,0,0,0,0,0,0,426,413,381,344,0,3,3,176000,180000,4
Everett,00930000,0.02,NA,NA,NA,76494,NA,NA,54076,NA,NA,104251,NA,NA,NA,123763644,6813,6883,9962.41779,414.8964764,1049.989081,987.8169753,2266.263352,18.1,NA,250,363,532,490,536,517,524,514,528,547,562,532,530,457,1,1,1,208000,219000,4
Excel Academy Charter (District),04100000,NA,NA,NA,NA,NA,NA,NA,NA,NA,NA,NA,NA,NA,NA,24936594.93,1365,1389,NA,NA,NA,NA,NA,18.8,NA,0,0,0,0,0,0,174,181,177,180,181,174,164,158,0,NA,NA,NA,NA,NA
Fairhaven,00940000,NA,NA,NA,NA,NA,NA,NA,NA,NA,NA,NA,NA,NA,NA,28019320.08,1846,1918,7711.150843,576.6606275,1069.220466,1082.878662,2149.816676,16.6,NA,20,115,113,122,130,140,142,160,150,144,150,183,158,188,3,16,16,191227,195000,5
Fall River,00950000,NA,NA,NA,NA,NA,NA,NA,NA,NA,NA,NA,NA,NA,NA,198022592,10268,9998,9147.847102,501.9734178,1564.829052,1287.477824,3246.558776,23,NA,223,715,848,828,866,867,902,784,828,810,567,644,564,552,0,NA,NA,NA,NA,NA
Falmouth,00960000,NA,NA,NA,NA,NA,NA,NA,NA,NA,NA,NA,NA,NA,NA,67903584.44,3044,3029,11471.05251,451.7072269,1418.304698,1862.155751,3817.711192,19.1,NA,82,193,223,228,259,228,247,248,253,257,199,240,185,183,4,3,3,182500,NA,5
Farmington River Reg,06620000,NA,NA,NA,NA,NA,NA,NA,NA,NA,NA,NA,NA,NA,NA,4592783.05,116,107,NA,NA,NA,NA,NA,23.4,NA,18,16,17,10,12,14,10,10,0,0,0,0,0,0,0,4,4,17965,NA,5
Fitchburg,00970000,NA,NA,NA,NA,NA,NA,NA,NA,NA,NA,NA,NA,NA,NA,93946709.23,5187,5116,8652.460111,473.2737569,1649.008146,1129.029218,2740.51474,24.2,NA,101,315,416,468,390,441,416,416,388,374,337,373,316,352,13,3,3,190962,217996,4
Florida,00980000,NA,NA,NA,NA,NA,NA,NA,NA,NA,NA,NA,NA,NA,NA,2055966.59,104,80,12278.56624,655.7759494,1312.359705,1873.82711,3244.426266,22.5,NA,0,11,7,8,2,11,6,4,18,13,0,0,0,0,0,NA,NA,NA,NA,NA
Four Rivers Charter Public (District),04130000,NA,NA,NA,NA,NA,NA,NA,NA,NA,NA,NA,NA,NA,NA,4061988,218,215,NA,NA,NA,NA,NA,14.4,NA,0,0,0,0,0,0,0,0,38,37,35,37,40,28,0,NA,NA,NA,NA,NA
Foxborough,00990000,0.02,0.02,NA,NA,76900,78295,NA,50810,51827,NA,101735,103770,NA,NA,51732040.52,2459,2450,10786.41172,553.2170872,1500.628473,2029.092054,3214.449577,20.2,NA,67,167,178,155,167,187,164,173,215,209,189,188,197,183,11,4,4,192550,197550,5
Foxborough Regional Charter (District),04460000,NA,NA,NA,NA,NA,NA,NA,NA,NA,NA,NA,NA,NA,NA,24172722.74,1689,1714,NA,NA,NA,NA,NA,10.2,NA,0,148,150,154,153,152,149,152,145,151,117,95,85,63,0,NA,NA,NA,NA,NA
Framingham,01000000,0.0165,NA,NA,NA,74326,NA,NA,50027,NA,NA,101805,NA,NA,NA,194503804,8824,8733,11178.12456,877.8308212,1927.053825,1136.814205,3222.164832,21.7,NA,195,660,659,794,688,722,723,624,656,627,661,654,554,516,0,4,4,225000,225000,6
Francis W. Parker Charter Essential (District),04780000,NA,NA,NA,NA,NA,NA,NA,NA,NA,NA,NA,NA,NA,NA,7335367.65,386,399,NA,NA,NA,NA,NA,16,NA,0,0,0,0,0,0,0,0,64,75,68,68,66,58,0,NA,NA,NA,NA,NA
Franklin,01010000,0.01,0.01,NA,NA,69684.63,71727.62,NA,46100,47027,NA,97314,99270,NA,NA,88303921.5,4764,4830,9639.164371,331.9996852,1310.223173,1268.86123,2147.399347,18.2,NA,73,265,278,328,329,350,328,348,383,414,414,429,436,449,6,4,4,197657,197657,6
Franklin County Regional Vocational Technical,08180000,NA,NA,NA,NA,NA,NA,NA,NA,NA,NA,NA,NA,NA,NA,12752434,583,555,13681.17291,1240.227731,3632.730754,1658.125756,5432.99476,30.5,NA,0,0,0,0,0,0,0,0,0,0,171,147,131,106,0,NA,NA,NA,NA,NA
Freetown-Lakeville,06650000,NA,NA,NA,NA,NA,NA,NA,NA,NA,NA,NA,NA,NA,NA,40050857,2756,2702,8092.970203,386.0959316,1362.215192,939.188788,2215.124598,15.9,NA,33,199,214,208,210,200,217,204,229,234,199,194,156,205,0,17,7,165629,165629,3
Frontier,06700000,NA,NA,NA,NA,NA,NA,NA,NA,NA,NA,NA,NA,NA,NA,13497052.99,610,649,9504.674622,558.7979221,1888.604895,1681.167105,3660.674362,17.5,NA,0,0,0,0,0,0,0,0,114,126,99,99,102,103,6,2,2,145300,145300,5
Gardner,01030000,NA,NA,NA,NA,NA,NA,NA,NA,NA,NA,NA,NA,NA,NA,36106498.82,2251,2211,8501.781751,429.5040082,1352.287881,1037.744974,2792.674583,22.5,NA,56,153,161,145,167,140,177,191,176,205,184,137,151,159,9,5,5,159000,167000,5
Gateway,06720000,NA,NA,NA,NA,NA,NA,NA,NA,NA,NA,NA,NA,NA,NA,16657248.89,733,753,10194.93645,822.9037323,2382.322744,1601.095543,3782.373475,21.6,NA,26,46,49,52,72,51,59,77,69,58,49,50,39,53,3,NA,NA,NA,NA,NA
Georgetown,01050000,NA,NA,NA,NA,NA,NA,NA,NA,NA,NA,NA,NA,NA,NA,21872939.68,1276,1218,9365.156934,547.7241756,1414.629764,1212.213228,2447.07325,17.2,NA,17,83,105,104,99,91,96,82,116,88,74,83,91,89,0,17,14,197752,121045,2
Gill-Montague,06740000,NA,NA,NA,NA,NA,NA,NA,NA,NA,NA,NA,NA,NA,NA,22034926.19,845,846,10671.6711,801.328697,1837.928408,1864.148832,4558.355701,24.5,NA,34,55,56,70,75,65,72,71,82,76,49,38,39,58,6,1,1,117000,NA,3
Global Learning Charter Public (District),04960000,NA,NA,NA,NA,NA,NA,NA,NA,NA,NA,NA,NA,NA,NA,8249528,504,503,NA,NA,NA,NA,NA,12.3,NA,0,0,0,0,0,0,89,89,91,90,39,47,34,24,0,NA,NA,NA,NA,NA
Gloucester,01070000,0.02,NA,NA,NA,NA,NA,NA,49158,NA,NA,91248,NA,NA,NA,57451422.83,2833,2766,10594.67932,820.2308337,1273.429035,1623.609923,3481.996111,25.5,0.75,66,224,219,202,199,208,223,206,201,199,258,202,193,159,7,2,1,184000,185000,3
Gosnold,01090000,NA,NA,NA,NA,NA,NA,NA,NA,NA,NA,NA,NA,NA,NA,NA,0,4,NA,NA,NA,NA,NA,NA,NA,0,0,0,1,0,0,1,0,2,0,0,0,0,0,0,NA,NA,NA,NA,NA
Grafton,01100000,NA,NA,NA,NA,NA,NA,NA,NA,NA,NA,NA,NA,NA,NA,44939039.86,3138,3121,9136.156832,348.9395758,1119.247476,1028.324892,1428.62836,20.1,NA,86,204,247,193,235,238,244,286,246,267,213,234,240,183,5,10,10,NA,183000,2
Granby,01110000,NA,NA,NA,NA,NA,NA,NA,NA,NA,NA,NA,NA,NA,NA,12048438.43,697,716,9277.285056,1225.103924,1166.372614,942.3660303,1942.044766,19,NA,24,47,54,65,52,43,58,45,51,51,49,58,65,54,0,1,1,125000,125000,1
Greenfield Commonwealth Virtual District,39010000,NA,NA,NA,NA,NA,NA,NA,NA,NA,NA,NA,NA,NA,NA,7617579,1030,943,NA,NA,NA,NA,NA,21,NA,0,32,37,40,51,46,48,55,101,109,132,112,87,93,0,7,7,158625,158625,3
Greater Fall River Regional Vocational Technical,08210000,NA,NA,NA,NA,NA,NA,NA,NA,NA,NA,NA,NA,NA,NA,28396203,1421,1452,11043.98023,1483.135356,2034.990794,1620.911013,3118.423457,11,NA,0,0,0,0,0,0,0,0,0,0,374,367,359,352,0,NA,14,203000,209900,4
Greater Fall River Regional Vocational Technical,08210000,NA,NA,NA,NA,NA,NA,NA,NA,NA,NA,NA,NA,NA,NA,28396203,1421,1452,11043.98023,1483.135356,2034.990794,1620.911013,3118.423457,11,NA,0,0,0,0,0,0,0,0,0,0,374,367,359,352,0,2,2,160000,160000,6
Greater Lawrence Regional Vocational Technical,08230000,NA,NA,NA,NA,NA,NA,NA,NA,NA,NA,NA,NA,NA,NA,36650706.4,1655,1634,12559.09982,1008.389764,2290.335942,2234.999634,4969.830695,16.4,NA,0,0,0,0,0,0,0,0,0,0,420,428,400,386,0,NA,NA,NA,NA,NA
Greater Lowell Regional Vocational Technical,08280000,NA,0.025,0.025,0.025,NA,72908,73267,NA,148807,50028,NA,98018,100468,NA,48445094,2300,2296,12114.50749,697.7101058,2209.19366,2053.770893,3929.12359,17.3,0.75,0,0,0,0,0,0,0,0,0,0,596,584,560,538,18,2,2,185000,185000,3
Greater New Bedford Regional Vocational Technical,08250000,NA,NA,NA,NA,NA,NA,NA,NA,NA,NA,NA,NA,NA,NA,45663080.33,2110,2113,12453.88567,713.0297405,1740.678973,3200.170061,3502.738648,10.3,NA,0,0,0,0,0,0,0,0,0,0,567,527,521,498,0,1,1,200000,200000,3
Greenfield,01140000,NA,NA,NA,NA,NA,NA,NA,NA,NA,NA,NA,NA,NA,NA,36478411,1604,1545,9440.064472,989.9821552,1671.950265,1023.16659,3743.52291,19.5,NA,54,121,141,121,130,138,122,119,119,116,95,88,103,78,0,NA,NA,NA,NA,NA
Groton-Dunstable,06730000,NA,0.0125,0.025,0.0275,NA,70889.85,78312.4,NA,48522.38,49735.44,NA,99028.01,101503.71,NA,42080220,2315,2262,10167.8648,456.0684485,1406.826634,1108.241349,3072.949299,16.3,0.72,37,127,155,169,172,175,155,197,172,182,171,168,188,189,5,4,4,195000,200000,3
Hadley,01170000,NA,NA,NA,NA,NA,NA,NA,NA,NA,NA,NA,NA,NA,NA,10923120.58,508,506,9737.476349,906.8249804,2205.850509,1393.603528,2401.521374,13.5,NA,18,36,28,35,26,31,39,35,44,48,50,38,36,42,0,15,7,140296,140296,5
Halifax,01180000,NA,NA,NA,NA,NA,NA,NA,NA,NA,NA,NA,NA,NA,NA,9875768.95,564,569,7764.869699,622.3617378,1036.451236,899.231521,1414.150576,17.6,NA,0,67,60,82,99,100,80,81,0,0,0,0,0,0,0,NA,NA,NA,NA,NA
Hamilton-Wenham,06750000,NA,NA,NA,NA,NA,NA,NA,NA,NA,NA,NA,NA,NA,NA,35421785,1684,1690,10952.54347,528.2197922,1499.957425,1425.850191,2509.755604,19,NA,31,122,122,122,134,122,120,136,127,130,124,129,131,140,0,4,1,189000,191500,3
Hampden Charter School of Science East (District),04990000,NA,NA,NA,NA,NA,NA,NA,NA,NA,NA,NA,NA,NA,NA,7868648.16,554,540,NA,NA,NA,NA,NA,13.5,NA,0,0,0,0,0,0,0,86,85,88,83,87,56,55,0,NA,NA,NA,NA,NA
Hampden Charter School of Science West (District),35160000,NA,NA,NA,NA,NA,NA,NA,NA,NA,NA,NA,NA,NA,NA,4273905.1,368,320,NA,NA,NA,NA,NA,16.6,NA,0,0,0,0,0,0,0,54,71,68,59,41,27,0,0,NA,NA,NA,NA,NA
Hampden-Wilbraham,06800000,NA,NA,NA,NA,NA,NA,NA,NA,NA,NA,NA,NA,NA,NA,49879189.85,2890,2865,9219.85831,468.746789,1858.875114,1339.896504,2849.420155,15.4,NA,85,156,193,185,189,197,204,196,216,219,261,246,276,242,0,5,5,164000,165000,4
Hampshire,06830000,NA,NA,NA,NA,NA,NA,NA,NA,NA,NA,NA,NA,NA,NA,15231756.94,685,683,11091.27774,485.5055639,2076.52932,1052.167789,3607.574185,23.1,NA,0,0,0,0,0,0,0,0,128,117,101,99,135,98,5,NA,NA,NA,NA,NA
Hancock,01210000,NA,NA,NA,NA,NA,NA,NA,NA,NA,NA,NA,NA,NA,NA,1635374.35,57,57,#Â¡VALOR!,750.0274468,1617.223404,1356.364681,30.9787234,26.3,NA,5,5,9,7,4,9,6,12,0,0,0,0,0,0,0,1,1,40000,40000,2
Hanover,01220000,NA,NA,NA,NA,NA,NA,NA,NA,NA,NA,NA,NA,NA,NA,40832752.22,2596,2614,9698.537658,397.070613,1636.35486,1169.29837,1419.421022,18.4,NA,52,192,211,204,176,209,197,212,183,216,182,175,188,212,5,9,8,184500,186500,3
Harvard,01250000,NA,NA,NA,NA,NA,NA,NA,NA,NA,NA,NA,NA,NA,NA,22154992.03,1025,1006,12014.98693,637.1657474,1424.66279,1507.159386,3279.697794,11.1,NA,22,47,61,58,78,67,80,77,86,85,85,71,92,97,0,NA,NA,NA,NA,NA
Hatfield,01270000,NA,NA,NA,NA,NA,NA,NA,NA,NA,NA,NA,NA,NA,NA,7082139,391,397,9361.017341,1040,1286.050356,1090.413873,1622.578035,21,NA,12,17,29,33,23,38,27,37,33,35,22,25,41,25,0,1,1,125500,127000,3
Haverhill,01280000,NA,NA,NA,NA,NA,NA,NA,NA,NA,NA,NA,NA,NA,NA,128697152.2,7738,7771,8779.258006,345.1939074,1568.512277,1120.039009,2267.406345,23.3,NA,182,472,585,606,651,641,643,705,677,697,533,451,413,482,33,3,3,198000,200500,3
Hawlemont,06850000,NA,NA,NA,NA,NA,NA,NA,NA,NA,NA,NA,NA,NA,NA,2760550.04,123,118,11606.93588,722.0965662,1791.003574,1263.955571,3291.740154,28,NA,13,13,11,13,12,23,16,17,0,0,0,0,0,0,0,6,1,148500,148000,2
Helen Y. Davis Leadership Academy Charter Public (District),04190000,NA,NA,NA,NA,NA,NA,NA,NA,NA,NA,NA,NA,NA,NA,4064727,138,193,NA,NA,NA,NA,NA,16.6,NA,0,0,0,0,0,0,0,33,80,80,0,0,0,0,0,NA,NA,NA,NA,NA
Hill View Montessori Charter Public (District),04550000,NA,NA,NA,NA,NA,NA,NA,NA,NA,NA,NA,NA,NA,NA,4565108.39,306,303,NA,NA,NA,NA,NA,19.1,NA,0,35,32,33,34,40,34,31,32,32,0,0,0,0,0,NA,NA,NA,NA,NA
Hilltown Cooperative Charter Public (District),04500000,NA,NA,NA,NA,NA,NA,NA,NA,NA,NA,NA,NA,NA,NA,3836642.6,217,218,NA,NA,NA,NA,NA,15.1,NA,0,20,20,20,21,22,22,30,31,32,0,0,0,0,0,NA,NA,NA,NA,NA
Hingham,01310000,NA,NA,NA,NA,NA,NA,NA,NA,NA,NA,NA,NA,NA,NA,66240655,3864,3894,10293.27402,426.0948665,1087.050583,1085.088144,1363.768804,13.6,NA,27,215,254,275,292,299,321,298,336,291,306,332,327,317,4,6,2,206000,214000,2
Holbrook,01330000,NA,NA,NA,NA,NA,NA,NA,NA,NA,NA,NA,NA,NA,NA,21894518.35,1286,1268,7965.488442,599.81175699999994,1282.527397,934.1895527,2947.174081,19.2,NA,37,87,110,117,106,116,106,89,101,96,96,78,67,57,5,NA,NA,NA,NA,NA
Holland,01350000,NA,NA,NA,NA,NA,NA,NA,NA,NA,NA,NA,NA,NA,NA,3734228,226,194,8829.580969,563.164557,1328.965517,1107.389786,2273.27368,13.8,NA,11,20,18,26,33,29,26,31,0,0,0,0,0,0,0,NA,NA,NA,NA,NA
Holliston,01360000,NA,NA,NA,NA,NA,NA,NA,NA,NA,NA,NA,NA,NA,NA,45368085.7,2809,2754,10009.24767,498.8844162,957.2363633,956.9720827,1409.284553,16.7,NA,61,176,192,169,213,224,229,227,222,230,194,199,212,201,5,NA,NA,NA,NA,NA
Holyoke,01370000,NA,NA,NA,NA,NA,NA,NA,NA,NA,NA,NA,NA,NA,NA,120192015.6,5102,5153,10617.04122,529.0352117,2364.849284,1564.346613,2661.331064,27.9,NA,266,349,400,379,351,405,353,368,375,341,361,380,378,447,0,6,1,205000,205000,3
Holyoke Community Charter (District),04530000,NA,NA,NA,NA,NA,NA,NA,NA,NA,NA,NA,NA,NA,NA,11198245.68,653,702,NA,NA,NA,NA,NA,19.9,NA,0,57,82,88,77,86,83,85,73,71,0,0,0,0,0,NA,NA,NA,NA,NA
Hoosac Valley Regional,06030000,NA,NA,NA,NA,NA,NA,NA,NA,NA,NA,NA,NA,NA,NA,20688745.91,1008,1035,NA,NA,NA,NA,NA,23.9,NA,27,73,90,72,70,80,76,103,107,95,64,58,70,47,3,2,2,128270,145000,3
Hopedale,01380000,NA,NA,NA,NA,NA,NA,NA,NA,NA,NA,NA,NA,NA,NA,18970288.54,1114,1099,10087.34222,422.0434257,1295.4200290000001,1040.532528,2782.78525,20.9,NA,80,81,71,66,78,82,78,77,90,90,81,67,84,74,0,4,4,157000,157000,3
Hopkinton,01390000,NA,NA,NA,NA,NA,57300,NA,NA,39675,NA,NA,77582,NA,NA,58501853.19,4006,3932,9523.947646,596.2287784,1239.188233,1148.330978,1838.559437,12.1,0.97,75,270,278,308,272,312,297,303,297,322,260,315,289,327,7,3,3,193725,193725,3
Hudson,01410000,NA,NA,NA,NA,NA,NA,NA,NA,NA,NA,NA,NA,NA,NA,50601612.1,2336,2416,11546.74596,689.2289628,1234.243431,1283.562313,2183.885252,17.6,NA,26,166,184,186,213,197,209,163,200,206,171,182,169,144,0,4,3,176885,176885,3
Hull,01420000,NA,NA,NA,NA,NA,NA,NA,NA,NA,NA,NA,NA,NA,NA,21524466.29,805,802,12369.96407,1165.300105,1847.979408,2160.0936,4477.585118,21.2,NA,31,43,54,54,55,58,57,61,62,65,59,65,65,73,0,1,1,176000,NA,3
Innovation Academy Charter (District),04350000,NA,NA,NA,NA,NA,NA,NA,NA,NA,NA,NA,NA,NA,NA,12758632,776,790,NA,NA,NA,NA,NA,21,NA,0,0,0,0,0,0,100,100,102,100,108,98,86,96,0,NA,NA,NA,NA,NA
Ipswich,01440000,NA,NA,NA,NA,NA,NA,NA,NA,NA,NA,NA,NA,NA,NA,32498022.29,1628,1594,12081.22427,621.1163372,1249.364134,1090.727554,2836.059776,18,NA,27,88,97,107,131,115,121,113,122,136,134,123,142,136,2,19,4,183306,NA,3
King Philip,06900000,NA,NA,NA,NA,NA,NA,NA,NA,NA,NA,NA,NA,NA,NA,38167895.3,1874,1946,8624.94438,502.4885222,1794.27383,1660.760796,3056.46684,17.1,NA,0,0,0,0,0,0,0,0,385,347,306,269,328,305,6,NA,2,174500,174500,3
Kingston,01450000,NA,NA,NA,NA,NA,NA,NA,NA,NA,NA,NA,NA,NA,NA,17153448.97,1047,1035,7807.378043,379.7081975,1184.229613,1114.27347,1481.026362,18.1,NA,0,134,149,150,150,140,162,150,0,0,0,0,0,0,0,NA,NA,NA,NA,NA
KIPP Academy Boston Charter School (District),04630000,NA,NA,NA,NA,NA,NA,NA,NA,NA,NA,NA,NA,NA,NA,10676360,600,613,NA,NA,NA,NA,NA,16.2,NA,0,65,71,71,72,72,74,71,58,59,0,0,0,0,0,NA,NA,NA,NA,NA
KIPP Academy Lynn Charter (District),04290000,NA,NA,NA,NA,NA,NA,NA,NA,NA,NA,NA,NA,NA,NA,28788516.6,1614,1615,NA,NA,NA,NA,NA,11.5,NA,0,125,124,124,124,125,128,126,124,124,130,126,117,118,0,NA,NA,NA,NA,NA
Lawrence,01490000,NA,NA,NA,NA,NA,NA,NA,NA,NA,NA,NA,NA,NA,NA,257881205.1,12786,12842,9467.833033,409.449756,1924.806318,1569.04252,2602.265745,19.5,NA,322,730,951,1012,1016,1044,1074,1071,1135,1109,805,923,804,807,39,NA,NA,NA,NA,NA
Lawrence Family Development Charter (District),04540000,NA,NA,NA,NA,NA,NA,NA,NA,NA,NA,NA,NA,NA,NA,11563961,796,786,NA,NA,NA,NA,NA,8.1,NA,63,81,81,84,84,83,81,77,75,77,0,0,0,0,0,NA,NA,NA,NA,NA
Learning First Charter Public School (District),04860000,NA,NA,NA,NA,NA,NA,NA,NA,NA,NA,NA,NA,NA,NA,NA,671,665,NA,NA,NA,NA,NA,13.8,NA,0,71,75,75,74,75,81,73,70,71,0,0,0,0,0,NA,NA,NA,NA,NA
Lee,01500000,NA,NA,NA,NA,NA,NA,NA,NA,NA,NA,NA,NA,NA,NA,14427343.23,660,683,11475.68413,512.4403795,1316.044483,1340.482811,4096.776922,15.5,NA,12,41,45,49,58,47,48,50,40,53,57,62,57,60,4,7,1,137700,160274,3
Leicester,01510000,NA,NA,NA,NA,NA,NA,NA,NA,NA,NA,NA,NA,NA,NA,23976655.18,1389,1374,8598.696622,483.7024793,1245.205859,1159.85474,2041.649741,18.1,NA,33,80,97,90,117,92,88,96,128,113,112,98,131,99,0,7,4,165656,165656,3
Lenox,01520000,NA,NA,NA,NA,NA,NA,NA,NA,NA,NA,NA,NA,NA,NA,15758827.88,722,750,12083.45538,620.3725515,1380.225323,1515.93522,3752.629471,9.2,NA,15,44,47,49,48,52,50,60,62,61,65,66,70,61,0,9,2,135000,135000,1
Leominster,01530000,NA,NA,NA,NA,NA,NA,NA,NA,NA,NA,NA,NA,NA,NA,94308326,5915,5859,8505.255812,327.030572,1211.157711,829.6452789,2870.135124,23.8,NA,75,345,424,429,423,430,448,473,464,460,460,478,471,479,0,3,3,185000,NA,3
Leverett,01540000,NA,NA,NA,NA,NA,NA,NA,NA,NA,NA,NA,NA,NA,NA,2873165.79,144,116,11804.06911,856.5655853,1278.624824,1457.574048,3686.006982,9.5,NA,0,15,14,14,18,17,15,23,0,0,0,0,0,0,0,NA,NA,NA,NA,NA
Lexington,01550000,0.0225,0.02,NA,NA,74699,76940,NA,49998,51498,NA,114728,118170,NA,NA,142948834,6790,6901,13143.56545,506.5309207,1912.613977,85.45507488,2715.077371,14,0.5,57,309,408,480,507,532,554,567,601,625,550,599,582,530,0,NA,3,275625,NA,3
Libertas Academy Charter School (District),35140000,NA,NA,NA,NA,NA,NA,NA,NA,NA,NA,NA,NA,NA,NA,4971114.01,332,260,NA,NA,NA,NA,NA,20,NA,0,0,0,0,0,0,0,80,86,94,0,0,0,0,0,NA,NA,NA,NA,NA
Lincoln,01570000,NA,NA,NA,NA,NA,NA,NA,NA,NA,NA,NA,NA,NA,NA,30458590.61,1066,1048,16387.01817,1217.482338,1780.063785,2073.995055,3565.857471,17.6,NA,75,91,120,141,110,112,94,106,112,87,0,0,0,0,0,9,9,209690,222652,3
Lincoln-Sudbury,06950000,0.025,0,0.03,0.02,82112,NA,NA,52327,NA,NA,123100,NA,NA,NA,34882541.28,1513,1525,12939.67198,495.8546731,1918.206445,1516.908015,3056.967318,21.7,0.65,0,0,0,0,0,0,0,0,0,0,369,363,406,381,6,NA,NA,NA,NA,NA
Littleton,01580000,0.02,0.02,0.02,NA,69539.94112,70959,72378.30607,44385.18,45291,46196.82,44385.18,101366,103393.32,NA,29653389,1642,1553,9052.277471,668.7020154,998.7254079,1584.140475,2552.808901,14.9,NA,34,95,114,109,134,112,127,136,129,128,117,109,98,108,3,21,10,186000,186000,3
Longmeadow,01590000,NA,NA,NA,NA,NA,NA,NA,NA,NA,NA,NA,NA,NA,NA,45169756.42,2791,2751,9950.499616,524.0095473,932.6073954,1289.444313,2246.623524,18.1,NA,59,148,179,206,197,200,194,207,238,223,223,217,240,220,0,8,5,173529,176529,3
Lowell,01600000,NA,NA,NA,NA,NA,NA,NA,NA,NA,NA,NA,NA,NA,NA,254502712.1,13991,14023,9704.49992,370.7929987,1372.312108,804.3339081,2776.403474,18.3,NA,453,1019,1108,1219,1116,1172,1109,1225,1209,1210,905,689,768,799,22,6,2,225000,225000,5
Lowell Community Charter Public (District),04560000,NA,NA,NA,NA,NA,NA,NA,NA,NA,NA,NA,NA,NA,NA,13761350.57,822,803,NA,NA,NA,NA,NA,17.1,NA,40,95,94,91,84,87,83,84,76,69,0,0,0,0,0,NA,NA,NA,NA,NA
Lowell Middlesex Academy Charter (District),04580000,NA,NA,NA,NA,NA,NA,NA,NA,NA,NA,NA,NA,NA,NA,2096169.57,74,88,NA,NA,NA,NA,NA,35.2,NA,0,0,0,0,0,0,0,0,0,0,23,20,20,25,0,NA,NA,NA,NA,NA
Ludlow,01610000,NA,NA,NA,NA,NA,NA,NA,NA,NA,NA,NA,NA,NA,NA,46699614.83,2293,2383,10378.28233,566.6219549,1598.779854,1101.056,3340.350841,17.1,NA,49,133,149,151,149,160,168,170,202,209,211,220,210,202,0,9,9,166455,174155,3
Lunenburg,01620000,NA,NA,NA,NA,NA,NA,NA,NA,NA,NA,NA,NA,NA,NA,24693509.66,1597,1593,8143.858542,674.4520983,1060.096851,1098.096978,2610.718143,16.3,NA,33,106,105,141,110,111,123,125,141,120,122,113,125,114,4,3,3,160000,160000,2
Lynn,01630000,NA,NA,NA,NA,NA,NA,NA,NA,NA,NA,NA,NA,NA,NA,271404729.5,15727,15587,8405.131925,456.9478738,1103.056127,1465.794208,2998.239372,17.7,NA,180,1086,1088,1189,1221,1210,1184,1138,1211,1208,1160,1318,1286,1064,44,3,3,210000,247000,3
Lynnfield,01640000,NA,NA,NA,NA,NA,NA,NA,NA,NA,NA,NA,NA,NA,NA,37127471,2167,2167,9898.548044,591.6142889,1415.967895,1370.971739,2579.60615,17.3,NA,27,170,161,166,189,157,194,180,162,161,147,139,146,168,0,NA,NA,NA,NA,NA
Ma Academy for Math and Science,04680000,NA,NA,NA,NA,NA,NA,NA,NA,NA,NA,NA,NA,NA,NA,NA,91,98,NA,NA,NA,NA,NA,0,NA,0,0,0,0,0,0,0,0,0,0,0,0,50,48,0,NA,NA,NA,NA,NA
Malden,01650000,0.02,0.01,NA,NA,67921.22,69972.44,NA,47471.85,48905.5,NA,95615.56,98503.15,NA,NA,115543089.2,6101,6120,9566.120344,476.6586014,1115.942686,1085.131218,2469.045351,17.6,0.8,217,401,457,446,450,467,470,513,470,490,434,440,445,397,23,4,4,185400,185400,2
Manchester Essex Regional,06980000,NA,NA,NA,NA,NA,NA,NA,NA,NA,NA,NA,NA,NA,NA,27047349.84,1250,1264,NA,NA,NA,NA,NA,18,NA,12,56,78,72,84,86,74,102,113,128,96,117,123,123,0,11,11,204500,NA,5
Mansfield,01670000,0.01,0.02,0.02,NA,71258,68353,75083,46787,47960,48919,107662,110361,112568,NA,67442825.39,3437,3504,10610.19648,400.4737046,1420.971349,1177.681827,3124.736204,15.8,0.7,91,222,211,223,237,243,268,255,283,266,275,307,285,326,12,4,4,177302,179802,3
Map Academy Charter School (District),35170000,NA,NA,NA,NA,NA,NA,NA,NA,NA,NA,NA,NA,NA,NA,2905314.23,223,206,NA,NA,NA,NA,NA,47.6,NA,0,0,0,0,0,0,0,0,0,0,39,51,73,43,0,NA,NA,NA,NA,NA
Marblehead,01680000,NA,0.01,0.01,0.02,NA,69122,70389,NA,53818,54900,NA,93016,94886,NA,55787478.59,2601,2704,10724.21581,411.6535884,1091.613956,1381.769104,3151.841175,22.5,NA,41,136,160,180,190,200,190,202,203,249,225,228,248,247,5,1,1,185000,200000,3
Marblehead Community Charter Public (District),04640000,NA,NA,NA,NA,NA,NA,NA,NA,NA,NA,NA,NA,NA,NA,3672672.57,225,208,NA,NA,NA,NA,NA,24,NA,0,0,0,0,0,50,49,52,32,25,0,0,0,0,0,NA,NA,NA,NA,NA
Marion,01690000,NA,NA,NA,NA,NA,NA,NA,NA,NA,NA,NA,NA,NA,NA,7560587.08,406,396,10784.90237,544.2407535,922.1189065,1089.225178,2688.883529,20.6,NA,13,41,54,59,55,54,60,60,0,0,0,0,0,0,0,NA,NA,NA,NA,NA
Marlborough,01700000,NA,0.0075,0.02,0.0225,NA,72831.63,75074,NA,49730,50725,NA,103841,105918,NA,94688521.2,4643,4682,10559.17059,499.3118364,1640.903366,1113.300344,2795.202212,17.3,NA,157,384,421,402,370,387,416,375,368,396,207,277,248,262,12,2,2,161160,161160,5
Marshfield,01710000,NA,NA,NA,NA,NA,NA,NA,NA,NA,NA,NA,NA,NA,NA,63529389.28,3822,3760,10265.16299,432.6083558,1198.056132,999.2993184,1820.022912,18.9,NA,98,244,257,218,252,299,267,291,286,328,262,328,327,303,0,11,6,201758,201758,5
Martha's Vineyard,07000000,NA,NA,NA,NA,NA,NA,NA,NA,NA,NA,NA,NA,NA,NA,23257918.65,706,689,NA,NA,NA,NA,NA,22.7,NA,0,0,0,0,0,0,0,0,0,0,165,190,162,168,4,NA,NA,NA,NA,NA
Martha's Vineyard Charter (District),04660000,NA,NA,NA,NA,NA,NA,NA,NA,NA,NA,NA,NA,NA,NA,5495191,165,176,NA,NA,NA,NA,NA,25.6,NA,0,12,13,16,17,11,20,18,14,20,9,5,16,5,0,NA,NA,NA,NA,NA
Martin Luther King Jr. Charter School of Excellence (District),04920000,NA,NA,NA,NA,NA,NA,NA,NA,NA,NA,NA,NA,NA,NA,6729911.07,350,365,NA,NA,NA,NA,NA,12.3,NA,0,66,60,61,59,60,59,0,0,0,0,0,0,0,0,NA,NA,NA,NA,NA
Masconomet,07050000,NA,NA,NA,NA,NA,NA,NA,NA,NA,NA,NA,NA,NA,NA,36275518.51,1642,1684,11250.26703,743.2034713,2019.130376,1508.650314,3437.8314569999998,18.6,NA,0,0,0,0,0,0,0,0,314,262,265,282,279,282,0,9,2,203975,221804,3
Mashpee,01720000,NA,NA,NA,NA,NA,NA,NA,NA,NA,NA,NA,NA,NA,NA,33858386.26,1457,1468,10854.11672,806.4103931,1906.840389,2185.92052,3546.028552,15.4,NA,54,93,92,91,105,97,119,119,115,141,95,122,106,119,0,6,6,180179,184038,5
MATCH Charter Public School (District),04690000,NA,NA,NA,NA,NA,NA,NA,NA,NA,NA,NA,NA,NA,NA,27673158,1225,1213,NA,NA,NA,NA,NA,22.3,NA,53,90,95,99,95,96,95,92,96,88,85,83,73,73,0,NA,NA,NA,NA,NA
Mattapoisett,01730000,NA,NA,NA,NA,NA,NA,NA,NA,NA,NA,NA,NA,NA,NA,9315178.6,436,405,11901.01048,649.2230576,1149.391661,1361.343131,4448.104352,16.1,NA,21,48,49,63,54,57,61,52,0,0,0,0,0,0,0,NA,NA,NA,NA,NA
Maynard,01740000,NA,0.0175,0.0175,0.0175,NA,72823,74001,NA,45321,46114,NA,101374,103148,NA,28470329.36,1185,1179,11975.93894,628.6655978,962.9814568,1224.609992,3679.962407,19.3,NA,34,79,100,87,110,95,96,74,94,97,69,72,91,79,2,1,1,170000,170000,3
Medfield,01750000,0.02,0.025,NA,NA,74315,75991,NA,49166,50275,NA,106387,108786,NA,NA,44347560.74,2530,2511,11031.67866,464.7582287,1373.29162,1258.166071,1943.242309,12.4,NA,36,163,188,192,190,196,211,191,186,183,185,201,192,195,2,NA,NA,NA,NA,NA
Medford,01760000,0.02,NA,NA,NA,73016,NA,NA,53954,NA,NA,100834,NA,NA,NA,97019284,4024,3943,12041.79203,457.9200742,1272.794789,1393.468286,5233.312809,19.5,NA,66,268,279,282,283,305,294,304,309,280,307,352,303,304,7,3,3,202000,202000,3
Medway,01770000,NA,0.025,NA,NA,NA,70675.17,NA,NA,49875.5,NA,NA,97111.87,NA,NA,36988293.94,2108,2074,9473.255177,423.7842574,1221.82606,1332.697209,2873.869561,17,0.725,27,143,152,146,148,149,167,161,178,172,143,160,176,152,0,5,5,200400,200400,3
Melrose,01780000,NA,NA,NA,NA,NA,NA,NA,NA,NA,NA,NA,NA,NA,NA,54463574.56,3748,3701,7328.71322,463.5348463,1130.190314,823.9622071,2110.922048,16.7,NA,118,300,296,304,312,320,298,274,278,272,221,222,245,235,6,5,1,183000,NA,3
Mendon-Upton,07100000,0.03,0.03,NA,NA,66268.73081,68256.79273,NA,49688.31,51178.96,NA,88215.6375,90862.10663,NA,NA,39475297.09,2141,2166,8983.69055,421.8032714,1914.361277,1419.553294,2855.440928,15.9,NA,47,136,154,156,166,146,156,165,195,208,153,151,175,155,3,10,10,171312,NA,7
Methuen,01810000,NA,NA,NA,NA,NA,NA,NA,NA,NA,NA,NA,NA,NA,NA,106761138.2,6439,6450,8230.39779,369.4022478,1470.418389,979.8748459,1984.071206,19.6,NA,82,365,475,481,501,492,502,513,548,585,432,510,492,472,0,3,3,187500,187500,3
Middleborough,01820000,NA,NA,NA,NA,NA,NA,NA,NA,NA,NA,NA,NA,NA,NA,48975261.14,3011,2916,8755.509436,342.0323703,1634.920537,1034.444059,2843.829659,19.1,NA,49,202,213,209,230,218,215,226,256,265,213,210,218,185,7,6,6,184900,2900,5
Middleton,01840000,NA,NA,NA,NA,NA,NA,NA,NA,NA,NA,NA,NA,NA,NA,13843967,708,678,11874.52093,791.2529551,1600.877486,1408.31456,2404.598804,15.8,NA,60,98,87,101,80,83,81,88,0,0,0,0,0,0,0,NA,NA,NA,NA,NA
Milford,01850000,0.03,0.03,NA,NA,68353,75083,NA,53717,55194,NA,98326,101030,NA,NA,72657471.05,4309,4235,9438.178198,384.2495334,1338.250839,943.4005248,2698.364629,17.1,0.7,92,295,301,288,314,324,332,330,347,355,309,348,304,280,16,5,5,195580,195580,4
Millbury,01860000,NA,NA,NA,NA,NA,NA,NA,NA,NA,NA,NA,NA,NA,NA,30348559,1601,1587,9660.635934,438.0549645,1482.124704,1342.432033,3158.212766,19.1,NA,55,91,121,118,124,96,117,132,120,151,119,130,93,119,1,7,7,168204,172204,6
Millis,01870000,0.02,0.03,NA,NA,73027,76600,NA,50635,52154,NA,106592,109789,NA,NA,21877312.77,1175,1156,10937.10029,758.856205,1277.080195,1295.389293,2652.25815,13.7,0.7,42,82,83,78,99,82,82,105,77,94,96,72,72,92,0,13,13,205767,205767,2
Milton,01890000,0.02,0.02,NA,NA,80506,81321,NA,51072,52093,NA,107744,109899,NA,NA,69859324.05,4352,4355,9216.100347,498.498119,1000.186975,1129.120542,2626.871888,16,0.5,94,311,370,367,384,394,351,344,307,306,293,272,277,276,9,1,1,180000,NA,1
Minuteman Regional Vocational Technical,08300000,NA,NA,NA,NA,NA,NA,NA,NA,NA,NA,NA,NA,NA,NA,20735951.19,655,635,19832.42116,3018.578496,2922.62533,2730.450198,5613.761544,44.1,NA,0,0,0,0,0,0,0,0,0,0,179,180,134,142,0,14,14,211000,211000,2
Mohawk Trail,07170000,NA,NA,NA,NA,NA,NA,NA,NA,NA,NA,NA,NA,NA,NA,21822886,762,739,12494.85043,885.252849,2769.431387,1744.241453,4947.745726,24.1,NA,53,41,54,61,62,62,60,62,55,66,35,28,46,50,4,6,1,148500,148000,2
Monomoy Regional School District,07120000,NA,NA,NA,NA,NA,NA,NA,NA,NA,NA,NA,NA,NA,NA,40066656.55,1763,1763,NA,NA,NA,NA,NA,16.9,NA,21,102,114,118,137,143,153,158,140,181,112,124,133,121,6,12,8,187917,3600,3
Monson,01910000,NA,NA,NA,NA,NA,NA,NA,NA,NA,NA,NA,NA,NA,NA,18190219,838,858,9958.858631,740.5739395,2153.426278,1551.094716,2685.998698,19.5,NA,33,64,69,68,60,67,73,78,72,58,47,40,66,59,4,NA,NA,NA,NA,NA
Montachusett Regional Vocational Technical,08320000,NA,NA,NA,NA,NA,NA,NA,NA,NA,NA,NA,NA,NA,NA,30159816.47,1413,1417,11122.07189,829.3243118,2893.830123,2629.173129,3253.44499,14.4,NA,0,0,0,0,0,0,0,0,0,0,355,354,363,345,0,NA,NA,NA,NA,NA
Mount Greylock,07150000,NA,NA,NA,NA,NA,NA,NA,NA,NA,NA,NA,NA,NA,NA,21471821.93,1153,1093,10322.22431,599.6980925,1503.460029,1881.613093,3385.503953,14.2,NA,18,56,64,82,76,95,89,85,77,86,115,89,73,87,1,16,1,169400,169500,3
Mystic Valley Regional Charter (District),04700000,NA,NA,NA,NA,NA,NA,NA,NA,NA,NA,NA,NA,NA,NA,21547970,1586,1629,NA,NA,NA,NA,NA,11.4,NA,0,162,159,150,153,123,123,124,149,126,125,87,62,86,0,NA,NA,NA,NA,NA
Nahant,01960000,NA,NA,NA,NA,NA,NA,NA,NA,NA,NA,NA,NA,NA,NA,4676690,164,147,8246.302682,2203.128991,851.5197957,2356.679438,2473.754789,21.1,NA,13,28,20,14,15,18,20,19,0,0,0,0,0,0,0,21,5,52000,0,2
Nantucket,01970000,NA,NA,NA,NA,NA,NA,NA,NA,NA,NA,NA,NA,NA,NA,40149714,1672,1666,13170.52056,614.454339,1617.027851,2937.213722,5179.558929,16,NA,49,114,119,114,114,88,117,144,151,129,133,141,139,109,5,NA,NA,NA,NA,NA
Narragansett,07200000,NA,NA,NA,NA,NA,NA,NA,NA,NA,NA,NA,NA,NA,NA,22236369,1393,1327,7703.12,441.4270085,1382.933333,1282.435556,2649.92547,18.8,NA,50,89,110,103,104,113,103,113,123,117,89,77,77,55,4,5,5,156060,159660,5
Narragansett,07200000,NA,NA,NA,NA,NA,NA,NA,NA,NA,NA,NA,NA,NA,NA,22236369,1393,1327,7703.12,441.4270085,1382.933333,1282.435556,2649.92547,18.8,NA,50,89,110,103,104,113,103,113,123,117,89,77,77,55,4,11,1,160000,160000,3
Nashoba,07250000,NA,NA,NA,NA,NA,NA,NA,NA,NA,NA,NA,NA,NA,NA,59652269.39,3088,3086,10876.30027,484.3235971,1870.53871,1531.565946,2822.569905,17.4,NA,62,216,198,210,228,240,234,266,247,265,223,200,255,236,6,NA,NA,NA,NA,NA
Nashoba Valley Regional Vocational Technical,08520000,NA,NA,NA,NA,NA,NA,NA,NA,NA,NA,NA,NA,NA,NA,14693528.42,736,726,11897.83907,913.3035202,2309.118603,2107.720078,3194.69637,33.6,NA,0,0,0,0,0,0,0,0,0,0,190,179,180,176,1,NA,NA,NA,NA,NA
Natick,01980000,0.02,0.03,NA,NA,77337.225,79657.31,NA,48965,50434,NA,106719,109921,NA,NA,94514242.9,5308,5251,9986.891826,524.9098944,1636.125863,1010.914667,2312.172751,14.8,0.62,76,332,393,417,405,414,422,430,411,401,379,380,383,408,0,3,3,204000,215000,6
Nauset,06600000,NA,NA,NA,NA,NA,NA,NA,NA,NA,NA,NA,NA,NA,NA,34482232,1366,1426,12375.73425,583.3461616,2262.310445,1302.974141,4106.281142,17.7,NA,0,0,0,0,0,0,0,174,190,207,192,209,219,234,1,NA,NA,NA,NA,NA
Needham,01990000,0.02,0.0225,NA,NA,78290.31731,80051.83654,NA,51858,53024,NA,109435,111898,NA,NA,111833201.2,5515,5483,11631.19552,813.0089292,1148.82929,1317.652269,3254.281499,17.4,NA,50,333,401,426,438,428,442,394,461,440,424,377,445,423,1,15,15,240155,257155,3
Neighborhood House Charter (District),04440000,NA,NA,NA,NA,NA,NA,NA,NA,NA,NA,NA,NA,NA,NA,15665275,764,810,NA,NA,NA,NA,NA,20.4,NA,39,37,39,43,44,43,63,68,86,82,81,68,63,54,0,NA,NA,NA,NA,NA
New Bedford,02010000,NA,NA,NA,NA,NA,NA,NA,NA,NA,NA,NA,NA,NA,NA,231122377.2,12504,12565,9285.539832,489.7828623,1884.358138,1129.02794,2787.137582,22.2,NA,286,956,1037,1078,1057,1157,1049,981,1026,1066,788,805,719,560,0,7,3,207000,208500,3
New Heights Charter School of Brockton (District),35130000,NA,NA,NA,NA,NA,NA,NA,NA,NA,NA,NA,NA,NA,NA,10138551,744,742,NA,NA,NA,NA,NA,9.3,NA,0,0,0,0,0,0,0,117,122,123,98,93,101,88,0,2,2,231000,246000,5
New Salem-Wendell,07280000,NA,NA,NA,NA,NA,NA,NA,NA,NA,NA,NA,NA,NA,NA,3097202,130,129,12723.97798,1096.978665,1446.097729,1637.653131,4212.904336,16.3,NA,9,16,17,22,16,18,17,14,0,0,0,0,0,0,0,NA,NA,NA,NA,NA
Newburyport,02040000,NA,NA,NA,NA,NA,NA,NA,NA,NA,NA,NA,NA,NA,NA,44640645.39,2150,2126,10359.59929,591.9730105,1387.037697,1235.443982,3645.79127,19.3,NA,42,107,132,137,122,141,147,161,165,171,202,211,178,207,3,3,3,177000,181000,2
Newton,02070000,0.025,0.025,0.0275,NA,97439.35616,99875.34007,107365.9906,73572.98,75412.31,81068.23,124803.12,127923.19,137517.43,NA,269597506,11974,12024,12917.26533,508.9681641,1329.356254,1473.16969,3634.996525,18.3,0.7,125,674,819,854,870,928,909,998,956,949,928,978,1017,990,29,NA,NA,NA,NA,NA
Norfolk,02080000,NA,NA,NA,NA,NA,NA,NA,NA,NA,NA,NA,NA,NA,NA,16139749,1031,987,10513.85384,633.1462602,1259.432724,1070.644998,2250.372464,18.5,NA,52,162,122,133,122,139,144,113,0,0,0,0,0,0,0,9,9,170195,175895,3
Norfolk County Agricultural,09150000,NA,NA,NA,NA,NA,NA,NA,NA,NA,NA,NA,NA,NA,NA,12969506.87,588,588,11665.9,1612.916439,1927.174586,3663.165847,4741.815037,23.3,NA,0,0,0,0,0,0,0,0,0,0,158,149,152,129,0,4,4,163247,housing,3
North Adams,02090000,NA,NA,NA,NA,NA,NA,NA,NA,NA,NA,NA,NA,NA,NA,28939033.71,1257,1223,10539.09222,556.523525,2330.23301,1367.637043,4284.789395,25.7,NA,77,75,93,94,94,99,92,79,91,125,88,77,64,72,3,9,4,141166,145166,3
North Andover,02110000,0.015,0.01,NA,NA,70338,78651,80617.275,48958,49447,NA,99117,102040,NA,NA,71668072.51,4493,4510,8576.00267,450.8226423,1749.529238,976.0478712,2291.372582,17.4,NA,60,283,326,344,334,337,345,371,372,361,335,311,357,374,0,NA,NA,NA,NA,NA
North Attleborough,02120000,0.02,0.03,NA,NA,69877,NA,NA,49534,NA,NA,96157,NA,NA,NA,60907031.38,3969,3936,8203.043882,397.661985,1100.849931,956.4058338,2590.06236,18.5,NA,141,258,264,276,274,311,330,283,325,385,286,261,267,275,0,4,4,205000,215000,3
North Brookfield,02150000,NA,NA,NA,NA,NA,NA,NA,NA,NA,NA,NA,NA,NA,NA,10012487.82,454,503,8646.749991,842.6421884,1542.133152,1417.717111,2860.299764,23.9,NA,23,39,39,30,39,44,33,40,43,40,49,23,33,28,0,5,4,141644,145664,5
North Middlesex,07350000,NA,NA,NA,NA,NA,NA,NA,NA,NA,NA,NA,NA,NA,NA,53126771.07,2989,2893,8876.478719,399.2008673,1401.445553,1318.496758,2904.873678,22.4,NA,36,225,206,212,216,216,228,225,252,284,187,178,210,211,7,3,3,203606,217056,5
North Reading,02170000,NA,0.03,0.025,0.025,NA,72160,73964,NA,49269,50501,NA,97277,99709,NA,42552332.31,2321,2309,10391.33745,455.0773518,1313.099568,1295.960917,2867.592931,18.1,0.7,40,175,200,146,173,173,191,174,190,185,130,181,164,186,1,1,1,175100,178400,3
North Reading,02170000,NA,0.03,0.025,0.025,NA,72160,73964,NA,49269,50501,NA,97277,99709,NA,42552332.31,2321,2309,10391.33745,455.0773518,1313.099568,1295.960917,2867.592931,18.1,0.7,40,175,200,146,173,173,191,174,190,185,130,181,164,186,1,12,12,187500,187500,2
Northampton,02100000,NA,NA,NA,NA,NA,NA,NA,NA,NA,NA,NA,NA,NA,NA,48114609.44,2618,2579,9444.434313,554.6965497,1275.320957,1324.600627,2902.580422,20.6,NA,46,143,174,190,187,197,158,204,206,213,191,236,210,223,1,10,7,172200,NA,5
Northampton-Smith Vocational Agricultural,04060000,NA,NA,NA,NA,NA,NA,NA,NA,NA,NA,NA,NA,NA,NA,11193851.88,547,528,13678.40978,1361.23967,1482.82579,2526.621525,3431.699618,40.7,NA,0,0,0,0,0,0,0,0,0,0,140,148,117,123,0,4,4,122606,122606,4
Northboro-Southboro,07300000,NA,NA,NA,NA,NA,NA,NA,NA,NA,NA,NA,NA,NA,NA,26406617.83,1269,1355,11227.16268,466.2155516,2013.607891,1292.638908,2902.054157,15.2,NA,0,0,0,0,0,0,0,0,0,0,314,321,320,390,10,NA,NA,NA,NA,NA
Northborough,02130000,NA,NA,NA,NA,NA,NA,NA,NA,NA,NA,NA,NA,NA,NA,32164875.22,1550,1527,12082.18649,530.200474,1062.166534,1219.588231,3204.517737,19.7,NA,0,146,168,158,166,180,192,174,160,183,0,0,0,0,0,NA,NA,NA,NA,NA
Northbridge,02140000,NA,NA,NA,NA,NA,NA,NA,NA,NA,NA,NA,NA,NA,NA,34326867.85,1975,1924,9240.349748,461.4730836,1328.419745,1290.577183,2522.590394,18.4,NA,57,145,151,114,127,148,150,172,191,144,134,132,145,114,0,2,2,144500,145500,3
Northeast Metropolitan Regional Vocational Technical,08530000,NA,NA,NA,NA,NA,NA,NA,NA,NA,NA,NA,NA,NA,NA,29244049.33,1307,1281,12859.22106,1729.054289,3236.456465,1657.274577,3613.552508,25.5,NA,0,0,0,0,0,0,0,0,0,0,332,322,326,301,0,4,4,192000,199000,5
Northern Berkshire Regional Vocational Technical,08510000,NA,NA,NA,NA,NA,NA,NA,NA,NA,NA,NA,NA,NA,NA,10575913.18,523,506,12874.16359,1054.990057,1900.688807,2287.01927,3472.296084,15.6,NA,0,0,0,0,0,0,0,0,0,0,128,142,122,114,0,3,3,126409,126409,3
Northern Berkshire Regional Vocational Technical,08510000,NA,NA,NA,NA,NA,NA,NA,NA,NA,NA,NA,NA,NA,NA,10575913.18,523,506,12874.16359,1054.990057,1900.688807,2287.01927,3472.296084,15.6,NA,0,0,0,0,0,0,0,0,0,0,128,142,122,114,0,27,26,142762,NA,3
Norton,02180000,NA,NA,NA,NA,NA,NA,NA,NA,NA,NA,NA,NA,NA,NA,40914286.48,2376,2358,8998.978167,480.0373104,1260.467437,1184.222222,2699.593551,21.8,NA,69,175,160,149,178,174,172,189,206,202,163,180,162,175,4,12,8,190080,200125,6
Norwell,02190000,NA,NA,NA,NA,NA,NA,NA,NA,NA,NA,NA,NA,NA,NA,37977083.83,2186,2182,9819.758897,517.4210193,1407.398209,1151.378547,2826.005987,15.8,NA,33,156,180,155,170,163,175,164,162,180,156,155,166,166,1,10,10,205260,230730,4
Norwood,02200000,NA,0.02,0.02,0.02,NA,74682,75569,NA,49501,50491,NA,103797,106392,NA,66487986.55,3444,3387,10253.69051,548.0571716,1407.920147,1489.194304,2993.667044,21.8,0.8,83,267,270,269,267,277,263,258,215,245,224,261,252,231,5,4,4,174000,181720,4
Oak Bluffs,02210000,NA,NA,NA,NA,NA,NA,NA,NA,NA,NA,NA,NA,NA,NA,11779421.11,427,414,15812.89647,639.6166433,1315.095839,1674.97195,5450.951379,22.5,NA,7,46,36,44,27,50,52,50,50,52,0,0,0,0,0,NA,NA,NA,NA,NA
Old Colony Regional Vocational Technical,08550000,NA,NA,NA,NA,NA,NA,NA,NA,NA,NA,NA,NA,NA,NA,12357617.34,563,563,12651.48925,1261.492861,2758.815001,1708.60835,3906.858847,23.3,NA,0,0,0,0,0,0,0,0,0,0,150,151,132,130,0,5,5,155000,155000,3
Old Rochester,07400000,NA,NA,NA,NA,NA,NA,NA,NA,NA,NA,NA,NA,NA,NA,20381586.14,1087,1130,10202.00204,515.302476,1583.547299,1432.09053,3490.464562,12.5,NA,0,0,0,0,0,0,0,0,203,211,152,168,200,190,6,1,1,172000,180200,3
Old Sturbridge Academy Charter Public School (District),35150000,NA,NA,NA,NA,NA,NA,NA,NA,NA,NA,NA,NA,NA,NA,3384896.81,320,280,NA,NA,NA,NA,NA,20,NA,0,40,40,40,40,40,40,40,0,0,0,0,0,0,0,NA,NA,NA,NA,NA
Orange,02230000,NA,NA,NA,NA,NA,NA,NA,NA,NA,NA,NA,NA,NA,NA,9432320.5,536,465,9431.444687,725.2274381,1700.753275,701.7194323,2560.642285,29.4,NA,11,54,65,71,62,71,70,61,0,0,0,0,0,0,0,NA,NA,NA,NA,NA
Orleans,02240000,NA,NA,NA,NA,NA,NA,NA,NA,NA,NA,NA,NA,NA,NA,5746653.56,164,175,16622.8255,1751.979434,1814.832905,1386.529563,6184.061697,19.3,NA,0,17,24,29,32,36,37,0,0,0,0,0,0,0,0,NA,NA,NA,NA,NA
Oxford,02260000,NA,NA,NA,NA,NA,NA,NA,NA,NA,NA,NA,NA,NA,NA,25581372.62,1466,1458,8659.180019,638.1731749,1420.186492,1124.351648,2401.676096,17.4,NA,38,64,100,116,99,141,126,117,115,140,110,94,91,96,11,10,1,150000,150000,1
Palmer,02270000,NA,NA,NA,NA,NA,NA,NA,NA,NA,NA,NA,NA,NA,NA,23451471.38,1186,1188,9408.425018,606.351758,1727.349567,968.5576674,3303.239713,18.3,NA,20,88,83,97,106,111,83,88,110,121,62,73,60,81,5,7,6,NA,146627,4
Pathfinder Regional Vocational Technical,08600000,NA,NA,NA,NA,NA,NA,NA,NA,NA,NA,NA,NA,NA,NA,15238965.95,629,610,14210.50499,1385.229881,2457.502638,1951.323705,4257.6243,26.9,NA,0,0,0,0,0,0,0,0,0,0,156,161,150,143,0,NA,NA,NA,NA,NA
Paulo Freire Social Justice Charter School (District),35010000,NA,NA,NA,NA,NA,NA,NA,NA,NA,NA,NA,NA,NA,NA,5063534.52,243,263,NA,NA,NA,NA,NA,25.9,NA,0,0,0,0,0,0,0,0,0,0,69,67,63,64,0,NA,NA,NA,NA,NA
Peabody,02290000,0.02,0.02,NA,NA,69053.02,70434.08,NA,47437.48,48386,NA,93402.47,95271,NA,NA,97155413.72,5881,5776,9097.265976,363.7921437,1105.391854,859.6086112,3118.10142,19.9,NA,153,409,469,470,428,459,445,476,500,467,386,381,359,372,2,1,1,200000,208600,3
Pelham,02300000,NA,NA,NA,NA,NA,NA,NA,NA,NA,NA,NA,NA,NA,NA,2373551,117,107,11782.0305,574.1573034,1060.417335,1303.547352,4168.12199,21.5,NA,0,16,10,17,14,20,16,14,0,0,0,0,0,0,0,5,5,167000,170000,3
Pembroke,02310000,NA,NA,NA,NA,NA,NA,NA,NA,NA,NA,NA,NA,NA,NA,45498191.32,2563,2599,8952.103072,463.8540731,1332.728082,1072.527953,2788.682979,15.2,NA,49,166,161,188,190,179,209,218,201,230,194,204,199,208,3,6,6,190840,195940,5
Pentucket,07450000,NA,NA,NA,NA,NA,NA,NA,NA,NA,NA,NA,NA,NA,NA,40937199,2210,2224,9194.250926,529.5383591,1433.534113,1192.22953,2721.05066,21.3,NA,81,134,161,161,163,156,168,179,145,203,143,161,178,191,0,3,3,178606,NA,5
Petersham,02340000,NA,NA,NA,NA,NA,NA,NA,NA,NA,NA,NA,NA,NA,NA,1863805,113,123,8232.902494,497.7626606,995.1398337,1156.439909,1963.537415,21.8,NA,0,15,19,24,10,19,16,20,0,0,0,0,0,0,0,NA,NA,NA,NA,NA
Phoenix Academy Public Charter High School Lawrence (District),35180000,NA,NA,NA,NA,NA,NA,NA,NA,NA,NA,NA,NA,NA,NA,2675877.2,138,159,NA,NA,NA,NA,NA,23.3,NA,0,0,0,0,0,0,0,0,0,0,120,4,35,0,0,NA,NA,NA,NA,NA
Phoenix Academy Public Charter High School Springfield (District),35080000,NA,NA,NA,NA,NA,NA,NA,NA,NA,NA,NA,NA,NA,NA,3005853,175,208,NA,NA,NA,NA,NA,28.8,NA,0,0,0,0,0,0,0,0,0,0,149,1,49,9,0,NA,NA,NA,NA,NA
Phoenix Charter Academy (District),04930000,NA,NA,NA,NA,NA,NA,NA,NA,NA,NA,NA,NA,NA,NA,4849663,185,221,NA,NA,NA,NA,NA,11.3,NA,0,0,0,0,0,0,0,0,0,0,162,2,43,14,0,NA,NA,NA,NA,NA
Pioneer Charter School of Science (District),04940000,NA,NA,NA,NA,NA,NA,NA,NA,NA,NA,NA,NA,NA,NA,11421434.67,775,794,NA,NA,NA,NA,NA,8.9,NA,0,63,59,63,63,66,65,67,64,59,60,57,55,53,0,NA,NA,NA,NA,NA
Pioneer Charter School of Science II (PCSS-II) (District),35060000,NA,NA,NA,NA,NA,NA,NA,NA,NA,NA,NA,NA,NA,NA,5377469.24,376,370,NA,NA,NA,NA,NA,13,NA,0,0,0,0,0,0,0,0,64,67,62,61,63,53,0,NA,NA,NA,NA,NA
Pioneer Valley,07500000,NA,NA,NA,NA,NA,NA,NA,NA,NA,NA,NA,NA,NA,NA,15282748.06,657,631,10519.90335,841.9630338,2688.655294,1798.925993,4558.183378,22,NA,23,43,34,42,49,53,52,55,57,63,40,47,23,50,0,NA,NA,NA,NA,NA
Pioneer Valley Chinese Immersion Charter (District),04970000,NA,NA,NA,NA,NA,NA,NA,NA,NA,NA,NA,NA,NA,NA,9997607.31,572,560,NA,NA,NA,NA,NA,10.7,NA,0,44,44,45,44,44,44,62,55,56,31,23,40,28,0,NA,NA,NA,NA,NA
Pioneer Valley Performing Arts Charter Public (District),04790000,NA,NA,NA,NA,NA,NA,NA,NA,NA,NA,NA,NA,NA,NA,7189709.38,400,391,NA,NA,NA,NA,NA,21.5,NA,0,0,0,0,0,0,0,0,72,72,68,62,58,59,0,3,3,133350,138350,5
Pittsfield,02360000,NA,NA,NA,NA,NA,NA,NA,NA,NA,NA,NA,NA,NA,NA,104711228,4953,5012,10312.04205,378.002393,1460.263803,1415.82265,4224.262245,22.2,NA,62,343,353,379,436,374,355,363,343,382,417,394,396,401,14,16,7,169153,177000,6
Plainville,02380000,NA,NA,NA,NA,NA,NA,NA,NA,NA,NA,NA,NA,NA,NA,13506649.37,656,623,9847.57926,742.462036,1171.605737,1851.515748,3453.489876,19.3,NA,42,64,85,82,89,88,88,85,0,0,0,0,0,0,0,22,14,181826,181826,2
Plymouth,02390000,NA,NA,NA,NA,NA,NA,NA,NA,NA,NA,NA,NA,NA,NA,146388568.7,7196,7085,10093.25065,555.7566501,1724.745034,1166.371926,3833.661109,20,NA,142,458,482,508,513,512,461,535,532,608,616,580,578,559,1,NA,NA,NA,NA,NA
Plympton,02400000,NA,NA,NA,NA,NA,NA,NA,NA,NA,NA,NA,NA,NA,NA,4164910.54,241,209,11083.40727,661.5314167,1064.837075,1476.926495,1631.029853,17.4,NA,0,30,39,28,28,27,38,19,0,0,0,0,0,0,0,NA,NA,NA,NA,NA
Prospect Hill Academy Charter (District),04870000,NA,NA,NA,NA,NA,NA,NA,NA,NA,NA,NA,NA,NA,NA,23367134,1096,1107,NA,NA,NA,NA,NA,14.2,NA,0,60,86,87,91,94,87,86,100,94,96,89,65,72,0,NA,NA,NA,NA,NA
Provincetown,02420000,NA,NA,NA,NA,NA,NA,NA,NA,NA,NA,NA,NA,NA,NA,6960403.66,141,133,26730.1819,2004.476007,2381.854977,3907.909955,10439.13847,18,NA,24,11,8,10,10,11,15,16,18,10,0,0,0,0,0,NA,NA,NA,NA,NA
Quabbin,07530000,NA,NA,NA,NA,NA,NA,NA,NA,NA,NA,NA,NA,NA,NA,38532219.7,2223,2095,9035.175138,491.9893011,2031.388567,1580.751354,2704.376401,19.1,NA,69,135,168,136,167,134,139,166,181,168,176,135,160,155,6,NA,NA,NA,NA,NA
Quaboag Regional,07780000,NA,NA,NA,NA,NA,NA,NA,NA,NA,NA,NA,NA,NA,NA,20664142.4,1141,1161,NA,NA,NA,NA,NA,18.6,NA,37,64,75,74,91,78,93,115,88,85,89,98,80,94,0,12,12,163898,170898,3
Quincy,02430000,NA,NA,NA,NA,NA,NA,NA,NA,NA,NA,NA,NA,NA,NA,171310179.6,9404,9480,9080.972267,351.039643,1031.625336,1189.985249,4134.935572,19.7,NA,299,677,743,747,718,689,676,688,708,680,688,703,737,714,13,NA,NA,NA,NA,NA
Ralph C Mahar,07550000,NA,NA,NA,NA,NA,NA,NA,NA,NA,NA,NA,NA,NA,NA,14295401.35,557,619,10072.95116,674.7383444,2958.336505,1558.009832,3428.829686,25.2,NA,0,0,0,0,0,0,0,0,127,127,81,103,92,89,0,NA,NA,NA,NA,NA
Randolph,02440000,NA,NA,NA,NA,NA,NA,NA,NA,NA,NA,NA,NA,NA,NA,65238134.91,2571,2660,11712.73118,688.9141743,1851.882642,1145.003251,3766.0525940000002,22.3,NA,66,149,235,221,256,213,204,222,241,211,133,165,166,168,10,3,3,189112,193312,3
Reading,02460000,NA,0.02,0.025,0.025,NA,71933,73787,NA,52661,53977,NA,98717,101185,NA,64001979.99,3846,3951,9507.085002,419.7951682,972.5862661,1138.849536,2206.55896,17.8,NA,97,238,312,316,290,270,312,319,288,287,299,301,292,330,0,NA,NA,NA,NA,NA
Revere,02480000,NA,0.03,0.03,0.02,NA,76381.84,78291.37,NA,50196,51451,NA,106678,109345,NA,130910956.5,7141,7166,8942.713983,442.9256438,1422.503795,1050.454073,2283.745772,17,0.8,95,471,561,557,555,565,560,516,608,619,563,540,463,484,9,6,6,208800,218300,5
Richmond,02490000,NA,NA,NA,NA,NA,NA,NA,NA,NA,NA,NA,NA,NA,NA,3868474.62,157,152,#Â¡VALOR!,648.1091442,2332.890739,1788.528136,3407.919285,16.4,NA,12,16,14,12,18,14,17,14,17,18,0,0,0,0,0,NA,NA,NA,NA,NA
Rising Tide Charter Public (District),04830000,NA,NA,NA,NA,NA,NA,NA,NA,NA,NA,NA,NA,NA,NA,11069300.28,655,666,NA,NA,NA,NA,NA,19.8,NA,0,0,0,0,0,0,91,91,90,87,85,75,80,67,0,NA,NA,NA,NA,NA
River Valley Charter (District),04820000,NA,NA,NA,NA,NA,NA,NA,NA,NA,NA,NA,NA,NA,NA,4848478,288,288,NA,NA,NA,NA,NA,16,NA,0,30,34,32,33,32,32,32,32,31,0,0,0,0,0,NA,NA,NA,NA,NA
Rochester,02500000,NA,NA,NA,NA,NA,NA,NA,NA,NA,NA,NA,NA,NA,NA,7716539,516,476,9898.522907,500.3751975,948.8487362,852.9581359,2022.908768,19.1,NA,20,51,56,64,74,63,82,66,0,0,0,0,0,0,0,NA,NA,NA,NA,NA
Rockland,02510000,NA,NA,NA,NA,NA,NA,NA,NA,NA,NA,NA,NA,NA,NA,40376643.1,2118,2179,9059.418689,537.2535705,1336.363796,883.9950057,3836.392272,18.6,NA,38,132,164,172,156,182,184,195,193,193,144,145,140,136,5,5,5,196000,210000,5
Rockport,02520000,NA,NA,NA,NA,NA,NA,NA,NA,NA,NA,NA,NA,NA,NA,19138687,748,762,12326.96522,506.6019877,1260.093469,926.7581637,4567.01964,22,NA,8,41,38,49,53,52,64,67,68,67,72,60,57,66,0,16,8,159243,1854,2
Rowe,02530000,NA,NA,NA,NA,NA,NA,NA,NA,NA,NA,NA,NA,NA,NA,2415052.16,65,63,14156.24986,1018.724521,2292.087945,2114.149726,6424.968219,33.3,NA,0,5,12,6,11,14,5,10,0,0,0,0,0,0,0,NA,NA,NA,NA,NA
Roxbury Preparatory Charter (District),04840000,NA,NA,NA,NA,NA,NA,NA,NA,NA,NA,NA,NA,NA,NA,30033935.33,1521,1596,NA,NA,NA,NA,NA,14.8,NA,0,0,0,0,0,0,148,282,264,254,238,171,139,100,0,NA,NA,NA,NA,NA
Sabis International Charter (District),04410000,NA,NA,NA,NA,NA,NA,NA,NA,NA,NA,NA,NA,NA,NA,21874016.11,NA,1557,NA,NA,NA,NA,NA,15.3,NA,0,105,111,120,156,128,129,157,129,123,108,91,99,101,0,NA,NA,NA,NA,NA
Salem,02580000,NA,0.02,0.02,0.03,76381.84,78291.37,79857.26,NA,49502,50368,106678,109345,111532,NA,92800221.09,3665,3734,13590.36854,964.7629127,1826.656457,1198.764281,3509.394297,22.9,0.8,48,294,321,328,339,350,333,275,265,251,251,223,203,246,7,8,1,218000,218000,3
Salem Academy Charter (District),04850000,NA,NA,NA,NA,NA,NA,NA,NA,NA,NA,NA,NA,NA,NA,8732560.97,495,495,NA,NA,NA,NA,NA,17.6,NA,0,0,0,0,0,0,0,72,73,72,74,75,70,59,0,NA,NA,NA,NA,NA
Sandwich,02610000,NA,NA,NA,NA,NA,NA,NA,NA,NA,NA,NA,NA,NA,NA,53746813,2288,2326,10361.3284,739.4463654,1404.729817,1681.205774,4138.898762,19.4,NA,63,140,151,185,174,167,192,179,212,222,150,166,165,156,4,5,5,183423,183423,6
Saugus,02620000,NA,NA,NA,NA,NA,NA,NA,NA,NA,NA,NA,NA,NA,NA,49157200.41,2436,2297,9088.852971,457.2731415,1201.313532,813.7573027,4523.520901,18.6,NA,28,65,161,172,195,178,195,200,217,206,172,160,176,167,5,10,5,185710,188210,3
Savoy,02630000,NA,NA,NA,NA,NA,NA,NA,NA,NA,NA,NA,NA,NA,NA,1370674.84,51,44,10085.35675,1047.22827,1418.379066,1745.24827,4495.533045,20.5,NA,4,4,3,4,9,6,5,9,0,0,0,0,0,0,0,NA,NA,NA,NA,NA
Scituate,02640000,NA,NA,NA,NA,NA,NA,NA,NA,NA,NA,NA,NA,NA,NA,50671382.48,2772,2851,10581.89138,434.8143841,1287.97578,863.5721724,2507.327757,14.5,NA,51,182,211,226,217,200,206,213,203,221,211,196,260,252,2,NA,NA,NA,NA,NA
Seekonk,02650000,NA,NA,NA,NA,NA,NA,NA,NA,NA,NA,NA,NA,NA,NA,36141024.13,2075,2047,9995.219381,672.8920576,1210.639957,1495.028734,2749.657448,16.8,NA,48,148,153,156,159,168,149,146,149,183,130,144,164,150,0,3,3,173747,176147,5
Sharon,02660000,NA,NA,0.02,0.02,NA,72262.4,73707.64,NA,48820.89,49797.31,NA,105457.67,107566.82,NA,65866489.25,3537,3493,10225.52689,507.6643701,1830.211382,933.2078281,3128.932242,14.4,0.5,31,192,239,258,245,254,272,292,291,288,277,281,301,272,0,1,1,160000,160000,2
Shawsheen Valley Regional Vocational Technical,08710000,NA,NA,NA,NA,NA,NA,NA,NA,NA,NA,NA,NA,NA,NA,30464244.82,1317,1308,13996.96293,1120.960076,2556.73544,1326.722117,5082.243346,29.7,NA,0,0,0,0,0,0,0,0,0,0,357,307,329,315,0,17,1,220000,220000,2
Sherborn,02690000,0.0175,0.02,0.02,NA,77074,78815,80617,51051,52272,53542,115160,117663,120241,NA,9085872,403,391,13002.73364,795.6822024,872.2844723,1462.103357,2799.082347,14.1,0.7,13,55,68,64,50,77,64,0,0,0,0,0,0,0,0,NA,NA,NA,NA,NA
Shrewsbury,02710000,0.029,0.02,NA,NA,72231,73675,NA,50067,51069,NA,100995,103015,NA,NA,93479931.29,5885,5974,8984.768358,370.8650778,1371.079792,775.4743188,2034.751627,14.3,0.4,110,287,407,434,430,484,473,491,502,483,459,480,470,464,0,13,13,198247,217601,5
Shutesbury,02720000,NA,NA,NA,NA,NA,NA,NA,NA,NA,NA,NA,NA,NA,NA,3022915.67,115,112,14561.06571,937.6442308,1815.240385,1915.689103,3962.769792,16.1,NA,10,11,19,12,9,16,12,23,0,0,0,0,0,0,0,NA,NA,NA,NA,NA
Silver Lake,07600000,NA,NA,NA,NA,NA,NA,NA,NA,NA,NA,NA,NA,NA,NA,31631920.2,1691,1698,11086.25268,626.109081,1196.163103,2070.515404,2562.481374,17,NA,99,0,0,0,0,0,0,0,264,259,257,279,267,266,7,1,1,180540,NA,2
Sizer School: A North Central Charter Essential (District),04740000,NA,NA,NA,NA,NA,NA,NA,NA,NA,NA,NA,NA,NA,NA,6406786.21,350,366,NA,NA,NA,NA,NA,27,NA,0,0,0,0,0,0,0,0,68,71,69,59,47,52,0,1,1,158700,12500,3
Somerset,02730000,NA,NA,NA,NA,NA,NA,NA,NA,NA,NA,NA,NA,NA,NA,29136541.1,1646,1606,8700.731864,413.4092928,1045.900809,969.7910261,3762.052386,18.6,NA,35,131,143,158,172,193,160,179,223,212,0,0,0,0,0,NA,NA,NA,NA,NA
Somerset Berkley Regional School District,07630000,NA,NA,NA,NA,NA,NA,NA,NA,NA,NA,NA,NA,NA,NA,17251229.28,996,1007,NA,NA,NA,NA,NA,17.7,NA,0,0,0,0,0,0,0,0,0,0,257,247,249,247,7,7,7,158400,160900,5
Somerville,02740000,0.03,0.03,NA,NA,78084,88693,NA,53051,60259,NA,108587,123340,NA,NA,114885290.3,4673,4691,12673.63079,799.0093903,1741.318424,1659.085161,3085.96629,19.5,0.5,228,393,396,379,340,330,362,344,316,332,343,303,336,278,11,6,6,245064,245064,5
South Hadley,02780000,NA,NA,NA,NA,NA,NA,NA,NA,NA,NA,NA,NA,NA,NA,32521197.06,1763,1763,9020.313722,512.4585096,1474.93448,1008.534286,2460.559886,20.6,NA,63,81,111,148,127,143,124,125,123,147,140,141,135,146,9,1.5,2,138000,NA,2
South Middlesex Regional Vocational Technical,08290000,NA,NA,NA,NA,NA,NA,NA,NA,NA,NA,NA,NA,NA,NA,20224304.85,850,817,14720.75606,1210.149628,2224.163728,3210.391134,4134.986984,39.7,NA,0,0,0,0,0,0,0,0,0,0,226,204,212,175,0,NA,NA,NA,NA,NA
South Shore Charter Public (District),04880000,NA,NA,NA,NA,NA,NA,NA,NA,NA,NA,NA,NA,NA,NA,16898907.51,1050,1009,NA,NA,NA,NA,NA,19.1,NA,0,44,76,79,80,79,79,82,84,82,86,91,71,76,0,NA,NA,NA,NA,NA
South Shore Regional Vocational Technical,08730000,NA,NA,NA,NA,NA,NA,NA,NA,NA,NA,NA,NA,NA,NA,13588068.61,655,646,12528.00014,1151.592177,2792.247836,1911.778546,3004.809775,27.1,NA,0,0,0,0,0,0,0,0,0,0,168,162,161,155,0,NA,NA,NA,NA,NA
Southampton,02750000,NA,NA,NA,NA,NA,NA,NA,NA,NA,NA,NA,NA,NA,NA,7387668.12,466,448,8349.792846,412.3897967,923.9726423,739.5211789,2105.985772,22,NA,26,62,59,61,55,76,56,53,0,0,0,0,0,0,0,NA,NA,NA,NA,NA
Southborough,02760000,NA,NA,NA,NA,NA,NA,NA,NA,NA,NA,NA,NA,NA,NA,26830387.3,1247,1216,12609.8406,575.4582031,1101.501766,1572.724813,3534.686859,15.1,NA,84,104,142,120,133,123,129,127,124,130,0,0,0,0,0,NA,NA,NA,NA,NA
Southbridge,02770000,NA,NA,NA,NA,NA,NA,NA,NA,NA,NA,NA,NA,NA,NA,40838915.82,1805,1866,11178.79066,841.1616031,2471.354766,1316.493342,2583.583113,21.4,NA,53,142,158,136,161,153,131,139,155,142,182,117,111,86,0,12,3,213127,213127,3
Southeastern Regional Vocational Technical,08720000,NA,NA,NA,NA,NA,NA,NA,NA,NA,NA,NA,NA,NA,NA,32524911,1550,1527,13280.51246,729.6683283,2010.767697,2387.972748,3194.963111,13.8,NA,0,0,0,0,0,0,0,0,0,0,410,399,357,361,0,NA,NA,NA,NA,NA
Southern Berkshire,07650000,NA,NA,NA,NA,NA,NA,NA,NA,NA,NA,NA,NA,NA,NA,18001442.78,633,645,13235.72323,1085.672284,3729.926341,1808.026072,5394.599313,15.8,NA,38,63,47,44,34,50,44,43,35,57,35,54,50,51,0,NA,NA,NA,NA,NA
Southern Worcester County Regional Vocational Technical,08760000,NA,NA,NA,NA,NA,NA,NA,NA,NA,NA,NA,NA,NA,NA,21923254.39,1173,1171,12097.30156,636.4816118,1986.682597,1444.257434,2960.539328,13.7,NA,0,0,0,0,0,0,0,0,0,0,314,293,291,273,0,NA,NA,NA,NA,NA
Southwick-Tolland-Granville Regional School District,07660000,NA,NA,NA,NA,NA,NA,NA,NA,NA,NA,NA,NA,NA,NA,25448926.85,1359,1393,NA,NA,NA,NA,NA,17.2,NA,28,80,85,102,88,100,112,125,122,124,104,101,121,101,0,5,5,156642,156642,3
Spencer-E Brookfield,07670000,NA,NA,NA,NA,NA,NA,NA,NA,NA,NA,NA,NA,NA,NA,27842532.58,1395,1331,8782.835046,1151.738313,1772.769977,1198.055689,3107.169203,23.9,NA,47,85,118,95,117,128,88,107,128,120,92,79,64,60,3,3,3,155000,NA,3
Springfield,02810000,NA,NA,NA,NA,NA,NA,NA,NA,NA,NA,NA,NA,NA,NA,512527010.2,23799,24239,10527.3462,406.7533548,2148.367389,1092.905444,3001.445644,24.7,NA,1219,1589,1895,1877,1805,1847,1721,1630,1742,1708,2049,1848,1608,1559,142,NA,NA,NA,NA,NA
Springfield International Charter (District),04410000,NA,NA,NA,NA,NA,NA,NA,NA,NA,NA,NA,NA,NA,NA,NA,1519,NA,NA,NA,NA,NA,NA,NA,NA,NA,NA,NA,NA,NA,NA,NA,NA,NA,NA,NA,NA,NA,NA,NA,NA,NA,NA,NA,NA
Springfield Preparatory Charter School (District),35100000,NA,NA,NA,NA,NA,NA,NA,NA,NA,NA,NA,NA,NA,NA,5380429.8,433,378,NA,NA,NA,NA,NA,19.3,NA,0,54,54,54,56,54,53,53,0,0,0,0,0,0,0,NA,NA,NA,NA,NA
State Totals,00000000,NA,NA,NA,NA,NA,NA,NA,NA,NA,NA,NA,NA,NA,NA,NA,911529,911465,NA,NA,NA,NA,NA,18.7,NA,21176,57531,63797,65329,65809,67009,67520,69383,71643,72334,73353,72925,71581,70499,1576,NA,NA,NA,NA,NA
Stoneham,02840000,NA,NA,NA,NA,NA,NA,NA,NA,NA,NA,NA,NA,NA,NA,45608576.04,2243,2254,10406.15201,445.0527582,892.8978557,1507.36157,3846.835651,20.3,NA,60,172,173,174,176,181,176,163,197,172,148,145,139,178,0,10,4,185173,185673,3
Stoughton,02850000,0.01,0.015,0.015,NA,69467,70255,71309,48166,46859,47561,95900,97338,98798,NA,62972188.99,3477,3386,11074.39012,355.0118795,1433.1526,1216.672193,1969.45919,17,0.7,80,227,251,233,243,242,267,250,268,290,290,242,232,264,7,2,2,173500,175000,3
Sturbridge,02870000,NA,NA,NA,NA,NA,NA,NA,NA,NA,NA,NA,NA,NA,NA,15652224,846,792,10145.87622,503.5226264,1058.327418,862.7950311,1955.024401,14.2,NA,40,91,106,97,110,123,115,110,0,0,0,0,0,0,0,NA,NA,NA,NA,NA
Sturgis Charter Public (District),04890000,NA,NA,NA,NA,NA,NA,NA,NA,NA,NA,NA,NA,NA,NA,13398752,846,853,NA,NA,NA,NA,NA,13.7,NA,0,0,0,0,0,0,0,0,0,0,211,231,216,195,0,NA,NA,NA,NA,NA
Sudbury,02880000,NA,NA,NA,NA,NA,NA,NA,NA,NA,NA,NA,NA,NA,NA,48654119,2517,2521,12265.83818,379.920138,1026.725657,863.8813693,2708.193169,17.7,NA,39,199,284,258,263,277,291,278,293,339,0,0,0,0,0,3,3,184638,201638,2
Sunderland,02890000,NA,NA,NA,NA,NA,NA,NA,NA,NA,NA,NA,NA,NA,NA,3878300.38,188,184,12803.69784,516.7011231,659.2299641,1389.220665,1646.212758,21.2,NA,12,17,24,26,28,29,35,13,0,0,0,0,0,0,0,NA,NA,NA,NA,NA
Sutton,02900000,NA,NA,NA,NA,NA,NA,NA,NA,NA,NA,NA,NA,NA,NA,22336057.89,1209,1279,9211.823179,485.4857761,1793.279481,1488.642716,2289.352191,18.1,NA,36,82,82,105,97,78,109,103,102,118,90,91,98,88,0,10,10,182000,NA,5
Swampscott,02910000,0.02,0.02,NA,NA,69562,70530,NA,47444,48274,NA,94702,96359,NA,NA,40073070.22,2041,2132,10243.44302,715.3998377,1041.522629,1211.974847,2927.396322,17.5,NA,40,131,157,147,150,146,152,153,172,184,161,156,191,191,1,7,7,186892,193392,5
Swansea,02920000,NA,NA,NA,NA,NA,NA,NA,NA,NA,NA,NA,NA,NA,NA,30394967.48,2013,2016,7920.110537,518.8618427,1343.585118,1335.306174,2639.928567,12.8,NA,38,132,148,142,161,161,144,176,175,189,167,118,126,135,4,5,5,162000,167500,5
Tantasqua,07700000,NA,NA,NA,NA,NA,NA,NA,NA,NA,NA,NA,NA,NA,NA,27098831,1789,1771,9142.572739,470.4722471,1645.002798,1498.790846,2167.910698,12.3,NA,0,0,0,0,0,0,0,0,299,286,310,304,285,286,1,14,9,210000,212000,2
Taunton,02930000,NA,NA,NA,NA,NA,NA,NA,NA,NA,NA,NA,NA,NA,NA,125182043.2,7757,7735,8437.299056,275.6759569,1631.496594,723.3140295,2747.146198,19.9,NA,170,518,569,570,596,597,612,644,659,675,565,509,515,529,7,3,3,195093,198171,6
TEC Connections Academy Commonwealth Virtual School District,39020000,NA,NA,NA,NA,NA,NA,NA,NA,NA,NA,NA,NA,NA,NA,23183466.91,2686,2514,NA,NA,NA,NA,NA,17.9,NA,0,51,58,80,82,96,120,187,241,271,361,357,311,299,0,NA,NA,NA,NA,NA
Tewksbury,02950000,0.002,0.005,NA,NA,68866,69717,NA,54793,55093,NA,92203,94217,NA,NA,65360674.93,3180,3182,10140.31215,501.8303927,1370.02064,1681.012082,3017.713641,18.1,0.8,111,260,243,246,235,275,229,246,261,250,191,191,228,209,7,5,5,192606,207606,3
Tisbury,02960000,NA,NA,NA,NA,NA,NA,NA,NA,NA,NA,NA,NA,NA,NA,10936232.55,286,289,18756.72481,735.8998331,1769.595993,3583.280367,7360.467446,17.3,NA,15,35,31,22,35,28,30,24,38,31,0,0,0,0,0,NA,NA,NA,NA,NA
Topsfield,02980000,NA,NA,NA,NA,NA,NA,NA,NA,NA,NA,NA,NA,NA,NA,11354792,622,586,11639.90628,820.8250115,1275.646029,1172.253802,2082.468889,17.5,NA,36,67,75,72,84,86,79,87,0,0,0,0,0,0,0,NA,NA,NA,NA,NA
Tri-County Regional Vocational Technical,08780000,NA,NA,NA,NA,NA,NA,NA,NA,NA,NA,NA,NA,NA,NA,20668528,939,953,NA,NA,NA,NA,NA,31.6,NA,0,0,0,0,0,0,0,0,0,0,260,231,239,223,0,5,5,178500,182500,3
Triton,07730000,NA,NA,NA,NA,NA,NA,NA,NA,NA,NA,NA,NA,NA,NA,47673321,2217,2176,10629.35583,904.0484194,1912.983811,1286.660852,3240.680764,17.4,NA,86,125,155,153,158,162,166,166,170,189,154,190,153,149,0,5,5,182580,192580,3
Truro,03000000,NA,NA,NA,NA,NA,NA,NA,NA,NA,NA,NA,NA,NA,NA,7480146.45,111,113,21881.48219,2780.418158,4420.514912,4327.891667,8591.175789,17.4,NA,21,14,13,16,16,15,18,0,0,0,0,0,0,0,0,25,7,48817,48817,2
Tyngsborough,03010000,0.0225,0.025,0.025,NA,NA,NA,NA,NA,NA,NA,NA,NA,NA,NA,28130735,1624,1561,9409.179009,563.6063875,1459.860425,1239.182666,2184.992381,18,NA,22,98,110,124,113,146,110,119,149,125,96,108,126,115,0,5,5,181380,NA,4
UP Academy Charter School of Boston (District),04800000,NA,NA,NA,NA,NA,NA,NA,NA,NA,NA,NA,NA,NA,NA,8039351.63,317,349,NA,NA,NA,NA,NA,27.5,NA,0,0,0,0,0,0,0,104,118,127,0,0,0,0,0,NA,NA,NA,NA,NA
UP Academy Charter School of Dorchester (District),35050000,NA,NA,NA,NA,NA,NA,NA,NA,NA,NA,NA,NA,NA,NA,11285618.82,653,685,NA,NA,NA,NA,NA,14.9,NA,54,65,70,67,75,75,77,69,68,65,0,0,0,0,0,NA,NA,NA,NA,NA
Up-Island Regional,07740000,NA,NA,NA,NA,NA,NA,NA,NA,NA,NA,NA,NA,NA,NA,12951737.34,413,398,NA,NA,NA,NA,NA,19.3,NA,8,43,38,50,41,40,44,46,51,37,0,0,0,0,0,NA,NA,NA,NA,NA
Upper Cape Cod Regional Vocational Technical,08790000,NA,NA,NA,NA,NA,NA,NA,NA,NA,NA,NA,NA,NA,NA,18121426,744,722,14723.63624,862.6781798,2389.462719,2583.769189,4224.194079,25.2,NA,0,0,0,0,0,0,0,0,0,0,204,163,181,174,0,2,2,160000,182000,4
Uxbridge,03040000,NA,NA,NA,NA,NA,NA,NA,NA,NA,NA,NA,NA,NA,NA,31742075.02,1626,1639,9299.775647,832.8380936,1296.785818,1356.479035,2895.617158,17.6,NA,46,107,117,108,128,110,124,140,118,143,132,125,106,128,7,8,3,157203,162203,3
Veritas Preparatory Charter School (District),04980000,NA,NA,NA,NA,NA,NA,NA,NA,NA,NA,NA,NA,NA,NA,7759781.75,380,419,NA,NA,NA,NA,NA,20,NA,0,0,0,0,0,0,111,111,121,76,0,0,0,0,0,NA,NA,NA,NA,NA
Wachusett,07750000,0.02,NA,NA,NA,71993,NA,NA,49069,NA,NA,100682,NA,NA,NA,100717414.1,6727,6584,8135.428201,312.1537482,1236.119305,986.6486631,2342.163378,15.2,NA,93,426,426,473,433,517,537,538,551,587,494,504,488,501,16,7,7,197187,197187,3
Wakefield,03050000,0.02,0.025,0.025,NA,75069,76946,78869,52506,53819,55165,98971,101445,103981,NA,61148483.21,3318,3309,9520.570712,406.7393616,1280.114693,1601.215857,3121.074279,16.5,NA,68,269,247,245,263,266,259,268,264,267,190,212,244,247,0,NA,NA,NA,NA,NA
Wales,03060000,NA,NA,NA,NA,NA,NA,NA,NA,NA,NA,NA,NA,NA,NA,2803812.04,118,124,8881.387324,626.2112676,1485.183099,1382.035211,3742.359437,24.2,NA,12,16,18,12,12,14,24,16,0,0,0,0,0,0,0,NA,NA,NA,NA,NA
Walpole,03070000,0.015,0.0175,NA,NA,75809.97,77136.63,NA,51615,52518,NA,103616,105429,NA,NA,63848812.5,3667,3655,10353.14786,389.2274734,1539.547169,1131.720446,2358.919913,14,NA,62,309,279,283,281,273,270,272,279,269,255,259,290,270,4,1,1,190640,190740,3
Waltham,03080000,0.02,0.02,NA,NA,74128.71429,75616.57,NA,51707,52741,NA,96317,98243,NA,NA,128636738.6,5496,5507,11975.29012,551.8198958,1537.760614,1591.119776,5429.241466,16.3,NA,109,410,423,438,436,441,426,393,407,404,415,428,389,387,1,1,1,212000,220000,3
Ware,03090000,NA,NA,NA,NA,NA,NA,NA,NA,NA,NA,NA,NA,NA,NA,20131509.47,1124,1140,9067.631694,504.3693575,1861.290209,1092.547988,2988.019984,22.1,NA,37,68,82,85,71,76,97,101,102,114,105,69,66,64,3,7,7,136600,NA,2
Ware,03090000,NA,NA,NA,NA,NA,NA,NA,NA,NA,NA,NA,NA,NA,NA,20131509.47,1124,1140,9067.631694,504.3693575,1861.290209,1092.547988,2988.019984,22.1,NA,37,68,82,85,71,76,97,101,102,114,105,69,66,64,3,9,9,259891,274891,4
Wareham,03100000,NA,NA,NA,NA,NA,NA,NA,NA,NA,NA,NA,NA,NA,NA,46449536.88,2043,1988,11346.06535,513.6496029,1967.881879,1295.636363,4155.030708,25,NA,48,163,184,141,167,134,166,180,187,164,138,111,110,89,6,NA,NA,NA,NA,NA
Watertown,03140000,0.02,0.02,NA,NA,77870.00167,79427.4017,NA,54598.1,55690.06,NA,104449.632,106538.6246,NA,NA,64800685,2571,2526,13766.15152,757.2320227,1454.150471,1524.967858,3843.097997,19.8,0.8,77,189,201,211,213,194,174,178,184,210,177,164,159,189,6,4,4,183410,183410,4
Wayland,03150000,0.02,0.02,0.025,NA,75393,76901,78439,50734,51748,53042,122223,124667,127784,NA,54371473.22,2711,2700,12773.00329,818.5423035,1242.969602,1374.474621,2735.921969,17.9,0.74,0,202,201,183,233,212,191,199,203,240,213,196,196,231,0,NA,NA,NA,NA,NA
Webster,03160000,NA,NA,NA,NA,NA,NA,NA,NA,NA,NA,NA,NA,NA,NA,32970936,1697,1682,9482.419745,511.4330475,1782.538478,1026.590809,2946.085092,22.8,NA,43,91,147,144,140,156,148,149,129,145,87,98,111,89,5,18,4,180000,194000,4
Wellesley,03170000,0.02,0.02,NA,NA,80306,81912,NA,50956,51975,NA,119294,121680,NA,NA,106148791.3,4290,4432,14109.27082,396.0430646,1300.387512,1480.822052,2767.239791,17.1,NA,64,220,280,316,338,332,322,337,382,372,364,367,340,392,6,NA,NA,NA,NA,NA
Wellfleet,03180000,NA,NA,NA,NA,NA,NA,NA,NA,NA,NA,NA,NA,NA,NA,3722964,112,103,19826.15311,2087.990431,2984.995215,2471.023923,5933.655502,16.3,NA,0,14,16,23,15,20,15,0,0,0,0,0,0,0,0,NA,NA,NA,NA,NA
West Boylston,03220000,NA,NA,NA,NA,NA,NA,NA,NA,NA,NA,NA,NA,NA,NA,17384260.99,879,888,10207.48399,830.8650555,1297.215599,1138.701527,3282.137197,17.8,NA,26,40,68,60,66,64,62,66,77,72,62,68,87,70,0,1,1,135000,136200,3
West Bridgewater,03230000,NA,NA,NA,NA,NA,NA,NA,NA,NA,NA,NA,NA,NA,NA,18885491.62,1379,1374,7562.239652,498.04622,1307.359379,946.6038419,2262.867245,10.6,NA,44,113,91,112,85,104,99,90,115,112,98,103,105,103,0,1,1,162000,163500,3
West Springfield,03320000,NA,NA,NA,NA,NA,NA,NA,NA,NA,NA,NA,NA,NA,NA,64979460,3851,3913,9210.2977,311.6098226,1612.209121,988.6235627,2077.110456,18.5,NA,82,260,278,296,274,307,299,298,312,302,315,291,294,288,17,1,1,170000,170000,4
Westborough,03210000,NA,NA,NA,NA,NA,NA,NA,NA,NA,NA,NA,NA,NA,NA,68011973.44,3856,3825,10859.63488,417.5744619,1130.349825,1323.27339,2552.941682,16,NA,83,239,264,274,284,297,287,295,289,331,298,268,290,318,8,7,7,190635,198435,4
Westfield,03250000,NA,NA,NA,NA,NA,NA,NA,NA,NA,NA,NA,NA,NA,NA,86874264.11,4774,4931,9252.945233,333.3330799,1239.343798,1008.790977,3060.327056,20.4,NA,118,291,335,364,318,359,364,329,384,387,409,409,428,419,17,5,5,159000,0,2
Westford,03260000,0.02,0.02,NA,NA,70781,72199,NA,48223,49300,NA,96554,98485,NA,NA,79266713.4,4668,4714,9529.69417,371.5381276,1367.342604,1171.289124,2308.534783,15.5,NA,45,271,277,307,345,307,383,387,367,380,384,424,390,444,3,16,15,210620,214220,2
Westhampton,03270000,NA,NA,NA,NA,NA,NA,NA,NA,NA,NA,NA,NA,NA,NA,2707093.9,103,104,12546.62843,649.3650413,1487.516529,859.7952893,3080.826446,23.1,NA,7,8,12,11,9,19,17,21,0,0,0,0,0,0,0,NA,NA,NA,NA,NA
Weston,03300000,0.0225,0.02,NA,NA,82051,83692,NA,55142,56245,NA,116461,118790,NA,NA,56057798.98,1948,1906,15770.11531,811.932501,2167.07122,2216.350994,4983.997346,17,0.5,27,116,128,137,118,137,149,142,147,175,157,148,161,164,0,4,4,226935,226935,3
Westport,03310000,NA,NA,NA,NA,NA,NA,NA,NA,NA,NA,NA,NA,NA,NA,25244752,1430,1355,10281.13344,614.943328,1563.949656,1134.140185,2450.843474,18.6,NA,39,99,100,107,97,108,123,132,106,124,92,71,73,82,2,NA,NA,NA,NA,NA
Westwood,03350000,0.02,0.02,NA,NA,77959,79518,NA,51427,52456,NA,117554,119905,NA,NA,60375039.04,2894,2952,12819.73508,574.134558,1479.22906,2074.798395,2454.171033,18.3,NA,41,203,167,219,219,204,223,249,211,223,243,248,253,246,3,4,4,215378,225378,5
Weymouth,03360000,0.02,0.025,NA,NA,71616.39,73406.8,NA,49815.38,51060.76,NA,99027.26,101502.94,NA,NA,105318636,5560,5585,9679.817122,633.2782321,1817.026047,1061.657212,2869.629372,21.1,NA,120,374,382,377,396,401,408,424,456,434,494,428,437,437,17,5,5,181178,183378,4
Whately,03370000,NA,NA,NA,NA,NA,NA,NA,NA,NA,NA,NA,NA,NA,NA,2546164.58,121,116,13156.67303,550.2434715,1286.254261,1609.240109,2176.999453,10.3,NA,11,17,18,16,13,15,11,15,0,0,0,0,0,0,0,NA,NA,NA,NA,NA
Whitman-Hanson,07800000,NA,NA,NA,NA,NA,NA,NA,NA,NA,NA,NA,NA,NA,NA,55351671.52,3556,3583,8280.939378,359.477366,1111.531697,1182.36418,2406.172135,15.8,NA,80,204,248,238,262,265,270,268,309,322,240,285,283,302,7,NA,NA,NA,NA,NA
Whittier Regional Vocational Technical,08850000,NA,NA,NA,NA,NA,NA,NA,NA,NA,NA,NA,NA,NA,NA,26391818,1282,1249,11445.81234,901.6526678,2744.117271,1762.359011,4183.466923,19.1,NA,0,0,0,0,0,0,0,0,0,0,335,341,305,268,0,NA,NA,NA,NA,NA
Williamsburg,03400000,NA,NA,NA,NA,NA,NA,NA,NA,NA,NA,NA,NA,NA,NA,3739562.22,138,119,12280.51751,581.5290922,1510.571694,1616.172552,3533.095068,19,NA,4,6,12,23,12,17,24,21,0,0,0,0,0,0,0,NA,NA,NA,NA,NA
Wilmington,03420000,NA,NA,NA,NA,NA,NA,NA,NA,NA,NA,NA,NA,NA,NA,61784533,2801,2830,10164.44969,540.28271,1587.204382,1712.711875,3212.740524,16.9,NA,16,196,221,212,249,216,250,198,268,249,168,192,201,194,0,6,2,201571,NA,4
Winchendon,03430000,NA,NA,NA,NA,NA,NA,NA,NA,NA,NA,NA,NA,NA,NA,20489510.46,1206,1178,9089.534408,620.3335465,1510.633137,1359.403706,1898.567134,22,NA,56,91,77,90,97,109,87,87,86,101,73,66,75,83,0,NA,NA,NA,NA,NA
Winchester,03440000,0.02,0.02,NA,NA,75339,76704,NA,50208,51212,NA,108030,110191,NA,NA,72449287.14,4362,4496,9902.760332,675.5626243,1074.55865,858.1761024,2048.765207,16.4,NA,50,236,346,335,325,355,362,348,388,348,344,348,337,374,0,13,6,218500,218500,4
Winthrop,03460000,0.02,0.03,NA,NA,60035,69689,NA,48893,50115,NA,88641,90857,NA,NA,29276469.96,1883,1865,8829.499822,537.784046,941.7584829,1006.485678,2547.478082,15.2,NA,15,124,161,149,124,149,130,137,162,157,139,132,135,146,5,4,4,167718,176281,4
Woburn,03470000,NA,NA,NA,NA,NA,NA,NA,NA,NA,NA,NA,NA,NA,NA,88251249.6,4295,4279,10435.17412,627.8243705,1603.523424,1435.504114,3884.546056,17.6,NA,104,285,335,336,313,321,315,337,327,370,280,288,343,313,12,3,NA,200000,209000,5
Worcester,03480000,NA,NA,NA,NA,NA,NA,NA,NA,NA,NA,NA,NA,NA,NA,453689004.8,23735,23986,9861.589498,409.6090727,1583.212923,1005.788957,2970.537708,21.2,NA,794,1529,1876,1851,1800,1765,1751,1834,1761,1733,1935,1849,1766,1683,59,NA,NA,NA,NA,NA
Worthington,03490000,NA,NA,NA,NA,NA,NA,NA,NA,NA,NA,NA,NA,NA,NA,2059119.08,67,63,8869.717978,641.7617978,2432.051124,1181.800899,2774.958202,23.8,NA,2,10,7,7,14,9,9,5,0,0,0,0,0,0,0,3,3,101000,0,3
Wrentham,03500000,0.01,0.01,NA,NA,68688,69316,NA,40813,41221,NA,104662,107279,NA,NA,17675022,921,862,10486.98656,660.7491271,1435.75283,1446.851127,3484.521215,18.9,NA,48,102,103,103,133,122,118,133,0,0,0,0,0,0,0,7,7,168100,180000,3
